pair_id,is_duplicate (1/0),a_question,b_question,a_answer,b_answer,a_evidence,b_evidence,a_report,b_report
1,0,what is the unrealized gain pre-tex for bolsa mexicana de valores?,"what was the greatest annual change in unrealized gain/loss on derivative instruments, in millions?/",12,12,(in millions) the bolsa mexicana de valores s.a.b. de c.v. of costbasis is 17.3; the bolsa mexicana de valores s.a.b. de c.v. of fairvalue is 29.3; the bolsa mexicana de valores s.a.b. de c.v. of carryingvalue is 29.3; the bolsa mexicana de valores s.a.b. de c.v. of unrealizedgainnet of tax is 7.6;,the change in unrealized gain/loss on derivative instruments of 2006 is $-1; the change in unrealized gain/loss on derivative instruments of 2005 is $8; the change in unrealized gain/loss on derivative instruments of 2004 is $12;,CME/2012/page_73.pdf,AAPL/2006/page_103.pdf
2,0,what percent of the ratings profile of derivative receivables were junk rated in 2013?,"for 2017, what percentage of derivative receivables are rated junk?",20,20,rating equivalent december 31 (in millions except ratios) the bb+/ba1 to b-/b3 of rating equivalent exposure net of all collateral is 6384; the bb+/ba1 to b-/b3 of rating equivalent % of exposure net of all collateral is 11; the bb+/ba1 to b-/b3 of exposure net of all collateral is 6806; the bb+/ba1 to b-/b3 of % of exposure net of all collateral is 13; rating equivalent december 31 (in millions except ratios) the ccc+/caa1 and below of rating equivalent exposure net of all collateral is 837; the ccc+/caa1 and below of rating equivalent % of exposure net of all collateral is 1; the ccc+/caa1 and below of exposure net of all collateral is 3415; the ccc+/caa1 and below of % of exposure net of all collateral is 7;,rating equivalent december 31 (in millions except ratios) the bb+/ba1 to b-/b3 of rating equivalent exposure net of all collateral is 7397; the bb+/ba1 to b-/b3 of rating equivalent % of exposure netof all collateral is 18; the bb+/ba1 to b-/b3 of exposure net of all collateral is 7308; the bb+/ba1 to b-/b3 of % of exposure netof all collateral is 18; rating equivalent december 31 (in millions except ratios) the ccc+/caa1 and below of rating equivalent exposure net of all collateral is 645; the ccc+/caa1 and below of rating equivalent % of exposure netof all collateral is 2; the ccc+/caa1 and below of exposure net of all collateral is 984; the ccc+/caa1 and below of % of exposure netof all collateral is 2;,JPM/2014/page_128.pdf,JPM/2017/page_145.pdf
3,1,what is the operating income percentage for the coatings segment in 2005?,what was the operating margin for the coatings segment in 2005?,10.9%,11%,(millions) the coatings of net sales 2005 is $5566; the coatings of net sales 2004 is $5275; the coatings of net sales 2005 is $609; the coatings of 2004 is $777;,(millions) the coatings of net sales 2005 is $5566; the coatings of net sales 2004 is $5275; the coatings of net sales 2005 is $609; the coatings of 2004 is $777;,PPG/2005/page_20.pdf,PPG/2005/page_20.pdf
4,0,based on the 2014 actual asset allocation what was the debt to equity ratio,in 2017 what was the debt to equity based on the 2017 actual asset allocation,2.33,2.33,the debt securities of targetassetallocation is 72%; the debt securities of 2015actualassetallocation is 72%; the debt securities of 2014actualassetallocation is 70%; the equity securities of targetassetallocation is 28; the equity securities of 2015actualassetallocation is 28; the equity securities of 2014actualassetallocation is 30;,the debt securities of targetassetallocation is 72%; the debt securities of 2017actualassetallocation is 70%; the debt securities of 2016actualassetallocation is 72%; the equity securities of targetassetallocation is 28; the equity securities of 2017actualassetallocation is 30; the equity securities of 2016actualassetallocation is 28;,RSG/2015/page_133.pdf,RSG/2017/page_138.pdf
5,1,what is the roi of an investment in s&p500 in 2004 and sold in 2006?,what is the return on investment for s&p500 from 2004 to 2006?,21.5%,21.5%,the s&p 500 index of 12/31/04 is $100.00; the s&p 500 index of 12/31/05 is $104.91; the s&p 500 index of 12/31/06 is $121.48; the s&p 500 index of 12/31/07 is $128.15; the s&p 500 index of 12/31/08 is $80.74; the s&p 500 index of 12/31/09 is $102.11;,the s&p 500 index of 2004 is 100.00; the s&p 500 index of 2005 is 104.91; the s&p 500 index of 2006 is 121.48; the s&p 500 index of 2007 is 128.16; the s&p 500 index of 2008 is 80.74; the s&p 500 index of 2009 is 102.11;,UPS/2009/page_33.pdf,L/2009/page_84.pdf
6,0,what are the total pre-tax catastrophe losses in the last 3 years?\\n,what are the total pre-tax catastrophe losses in the last five years?\\n,667.2,1015.3,calendar year: the 2014 of pre-tax catastrophe losses is $62.2; calendar year: the 2013 of pre-tax catastrophe losses is 195.0; calendar year: the 2012 of pre-tax catastrophe losses is 410.0;,calendar year: the 2016 of pre-tax catastrophe losses is $301.2; calendar year: the 2015 of pre-tax catastrophe losses is 53.8; calendar year: the 2014 of pre-tax catastrophe losses is 56.3; calendar year: the 2013 of pre-tax catastrophe losses is 194.0; calendar year: the 2012 of pre-tax catastrophe losses is 410.0;,RE/2014/page_40.pdf,RE/2016/page_40.pdf
7,1,what percentage of total net revenue in the investing & lending segment during 2016 was comprised of equity securities?,what percentage of total net revenue investing & lending segment is due to equity securities in 2016?,63%,63%,$ in millions the equity securities of year ended december 2017 is $4578; the equity securities of year ended december 2016 is $2573; the equity securities of year ended december 2015 is $3781; $ in millions the total net revenues of year ended december 2017 is 6581; the total net revenues of year ended december 2016 is 4080; the total net revenues of year ended december 2015 is 5436;,$ in millions the equity securities of year ended december 2016 is $2573; the equity securities of year ended december 2015 is $3781; the equity securities of year ended december 2014 is $4579; $ in millions the total net revenues of year ended december 2016 is 4080; the total net revenues of year ended december 2015 is 5436; the total net revenues of year ended december 2014 is 6825;,GS/2017/page_74.pdf,GS/2016/page_77.pdf
8,0,what was the percentage cumulative 5-year total stockholder return on cadence design systems inc. common stock for the period ended 12/31/2016?,what was the percentage cumulative 5-year total stockholder return for cadence design systems inc. for the five years ended 12/29/2012?,142.50%,-21.08%,the cadence design systems inc. of 12/31/2011 is 100.00; the cadence design systems inc. of 12/29/2012 is 129.23; the cadence design systems inc. of 12/28/2013 is 133.94; the cadence design systems inc. of 1/3/2015 is 181.06; the cadence design systems inc. of 1/2/2016 is 200.10; the cadence design systems inc. of 12/31/2016 is 242.50;,the cadence design systems inc. of 12/29/2007 is 100.00; the cadence design systems inc. of 1/3/2009 is 22.55; the cadence design systems inc. of 1/2/2010 is 35.17; the cadence design systems inc. of 1/1/2011 is 48.50; the cadence design systems inc. of 12/31/2011 is 61.07; the cadence design systems inc. of 12/29/2012 is 78.92;,CDNS/2016/page_32.pdf,CDNS/2012/page_30.pdf
9,1,what was the actual return on assets as a percentage of the 2015 ending balance?,"what was the percent of the return on assets as a percent of the account balance at december 31, 2015",8.8%,8.8%,the actual return on assets of level 3 is 12; the balance as of december 31 2015 of level 3 is $136;,the actual return on assets of level 3 is 12; the balance as of december 31 2015 of level 3 is $136;,AWK/2015/page_127.pdf,AWK/2015/page_127.pdf
10,0,what was the percentage change in foreign currency translation in 2004?,what was the percentage change in accumulated other comprehensive earnings (loss) between 2004 and 2005?\\n,81%,-403%,the beginning balance at january 1 2004 of foreign currency translation is $179.7; the beginning balance at january 1 2004 of foreign currency hedges is $-40.4; the beginning balance at january 1 2004 of minimum pension liability is $-0.6; the beginning balance at january 1 2004 of unrealized gains on securities is $2013; the beginning balance at january 1 2004 of accumulated other comprehensive income is $138.7; the other comprehensive income (loss) of foreign currency translation is 145.5; the other comprehensive income (loss) of foreign currency hedges is -33.0; the other comprehensive income (loss) of minimum pension liability is -0.3; the other comprehensive income (loss) of unrealized gains on securities is 2.4; the other comprehensive income (loss) of accumulated other comprehensive income is 114.6;,($ in millions) the december 31 2004 of foreign currency translation is 148.9; the december 31 2004 of pension and other postretirement items net of tax is -126.3; the december 31 2004 of effective financial derivatives net of tax is 10.6; the december 31 2004 of accumulated other comprehensive earnings (loss) is 33.2; ($ in millions) the 2005 change of foreign currency translation is -74.3; the 2005 change of pension and other postretirement items net of tax is -43.6; the 2005 change of effective financial derivatives net of tax is -16.0; the 2005 change of accumulated other comprehensive earnings (loss) is -133.9;,ZBH/2004/page_65.pdf,BLL/2006/page_89.pdf
11,1,what is the yearly depreciation rate on land improvements?,what is the yearly depreciation rate for land improvements?,5%,5%,land improvements the land improvements of 20 is 20;,landimprovements the landimprovements of 20 is 20;,DG/2006/page_58.pdf,DG/2009/page_77.pdf
12,1,what was the percentage change in interest expense net from 2016 to 2017?,what is the percentage increase in interest expense from 2016 to 2017?,31%,30.7%,"interest expense, net was $34.5 million, $26.4 million, and $14.6 million for the years ended december 31, 2017, 2016 and 2015, respectively.","interest expense, net was $34.5 million, $26.4 million, and $14.6 million for the years ended december 31, 2017, 2016 and 2015, respectively.",UAA/2017/page_86.pdf,UAA/2017/page_86.pdf
13,1,what is the average yearly amortization rate related to trademarks?,what is the yearly amortization rate related to trademarks?,14.3%,14.3%,the trademarks of weighted averageuseful life (years) is 7;,the trademarks of weighted average useful life (years) is 7;,ADBE/2011/page_83.pdf,ADBE/2009/page_81.pdf
14,0,what is the net change in employee compensation during 2011?,what was the net adjustments as recorded in 2011 in millions,23,23,($ in millions) the balance at december 31 2010 of employee compensation is $27; the balance at december 31 2010 of other accruals is $39; the balance at december 31 2010 of total is $66; ($ in millions) the balance at december 31 2011 of employee compensation is $50; the balance at december 31 2011 of other accruals is $0; the balance at december 31 2011 of total is $50;,($ in millions) the payments of employee compensation is -24; the payments of other accruals is -36; the payments of total is -60; ($ in millions) the adjustments of employee compensation is 47; the adjustments of other accruals is -3; the adjustments of total is 44;,HII/2011/page_90.pdf,HII/2011/page_90.pdf
15,0,how much higher is the fair value than carrying value? in millions $.,what is the interest from 2017 to 2025 as a percentage of the total long-term borrowings?,345,1.64%,"(in millions) the total long-term borrowings of maturity amount is $4950; the total long-term borrowings of unamortized discount is $-11; the total long-term borrowings of carrying value is $4939; the total long-term borrowings of fair value is $5284; long-term borrowings the carrying value and fair value of long-term borrowings estimated using market prices at december 31, 2013 included the following: (in millions) maturity amount unamortized discount carrying value fair value.","(in millions) the total long-term borrowings of maturityamount is $4938; the total long-term borrowings of unamortized discount and debt issuance costs is $-23; the total long-term borrowings of carrying value is $4915; the total long-term borrowings of fair value is $5165; long-term borrowings the carrying value and fair value of long-term borrowings estimated using market prices and foreign exchange rates at december 31, 2016 included the following: (in millions) maturity amount unamortized discount and debt issuance costs carrying value fair value. interest of approximately $9 million per year based on current exchange rates is payable annually on may 6 of each year.",BLK/2013/page_124.pdf,BLK/2016/page_119.pdf
16,1,"for fiscal year 2004, what was the difference between future minimum lease payments and future minimum sublease income, in millions?",what is the net cash outflow related to future lease payments in 2004?,23595,23595,fiscal year the 2004 of future minimum lease payments is $29454; the 2004 of future minimum sublease income is $5859;,fiscal year the 2004 of future minimum lease payments is $29454; the 2004 of future minimum sublease income is $5859;,ADBE/2003/page_126.pdf,ADBE/2003/page_126.pdf
17,0,"what was the percentage cumulative total shareholder return on discb common stock from september 18, 2008 to december 31, 2012?","what was the percentage cumulative total shareholder return on disca common stock from september 18, 2008 to december 31, 2012?",227.11%,359.67%,the discb of december 312008 is $78.53; the discb of december 312009 is $162.82; the discb of december 312010 is $225.95; the discb of december 312011 is $217.56; the discb of december 312012 is $327.11;,the disca of december 312008 is $102.53; the disca of december 312009 is $222.09; the disca of december 312010 is $301.96; the disca of december 312011 is $296.67; the disca of december 312012 is $459.67;,DISCA/2012/page_54.pdf,DISCA/2012/page_54.pdf
18,0,what was the difference in percentage total cumulative return on investment for united parcel service inc. compared to the dow jones transportation average for the five years ended 12/31/2013?,what is the difference in percentage cumulative total shareowners return for united parcel service inc. versus the dow jones transportation average for the five years ended 12/31/2017?,-6.51%,-17.74%,the united parcel service inc. of 12/31/2008 is $100.00; the united parcel service inc. of 12/31/2009 is $107.75; the united parcel service inc. of 12/31/2010 is $140.39; the united parcel service inc. of 12/31/2011 is $145.84; the united parcel service inc. of 12/31/2012 is $151.44; the united parcel service inc. of 12/31/2013 is $221.91; the dow jones transportation average of 12/31/2008 is $100.00; the dow jones transportation average of 12/31/2009 is $118.59; the dow jones transportation average of 12/31/2010 is $150.30; the dow jones transportation average of 12/31/2011 is $150.31; the dow jones transportation average of 12/31/2012 is $161.56; the dow jones transportation average of 12/31/2013 is $228.42;,the united parcel service inc. of 12/31/2012 is $100.00; the united parcel service inc. of 12/31/2013 is $146.54; the united parcel service inc. of 12/31/2014 is $159.23; the united parcel service inc. of 12/31/2015 is $148.89; the united parcel service inc. of 12/31/2016 is $182.70; the united parcel service inc. of 12/31/2017 is $195.75; the dow jones transportation average of 12/31/2012 is $100.00; the dow jones transportation average of 12/31/2013 is $141.38; the dow jones transportation average of 12/31/2014 is $176.83; the dow jones transportation average of 12/31/2015 is $147.19; the dow jones transportation average of 12/31/2016 is $179.37; the dow jones transportation average of 12/31/2017 is $213.49;,UPS/2013/page_34.pdf,UPS/2017/page_31.pdf
19,1,what percent of total contractual obligations is comprised of long-term debt?,what percent of contractual obligations is long term debt?,71%,71.06%,contractual obligations the long-term debt of total is $1103.0; the long-term debt of less than 1 year is $100.0; the long-term debt of 1 - 3 years is $655.3; the long-term debt of 4 - 5 years is $347.7; the long-term debt of after 5 years is $2013; contractual obligations the total contractual obligations of total is $1552.2; the total contractual obligations of less than 1 year is $137.6; the total contractual obligations of 1 - 3 years is $831.2; the total contractual obligations of 4 - 5 years is $400.0; the total contractual obligations of after 5 years is $183.4;,contractual obligations the long-term debt of total is $1103.0; the long-term debt of less than 1 year is $100.0; the long-term debt of 1 - 3 years is $655.3; the long-term debt of 4 - 5 years is $347.7; the long-term debt of after 5 years is $2013; contractual obligations the total contractual obligations of total is $1552.2; the total contractual obligations of less than 1 year is $137.6; the total contractual obligations of 1 - 3 years is $831.2; the total contractual obligations of 4 - 5 years is $400.0; the total contractual obligations of after 5 years is $183.4;,ZBH/2003/page_42.pdf,ZBH/2003/page_42.pdf
20,0,using a three year averageintermodal was what percent of total revenue?,what percentage of total freight revenues was the intermodal commodity group in 2014?,19.4%,20%,millions the intermodal of 2011 is 3609; the intermodal of 2010 is 3227; the intermodal of 2009 is 2486; millions the total freight revenues of 2011 is $18508; the total freight revenues of 2010 is $16069; the total freight revenues of 2009 is $13373;,millions the intermodal of 2015 is 4074; the intermodal of 2014 is 4489; the intermodal of 2013 is 4030; millions the total freight revenues of 2015 is $20397; the total freight revenues of 2014 is $22560; the total freight revenues of 2013 is $20684;,UNP/2011/page_56.pdf,UNP/2015/page_56.pdf
21,1,what was the percentage change in the research and development costs from 2015 to 2016,what is the percentage change in research and development expense from 2015 to 2016?,-34.4%,-34.5%,"research and development expense was $72 million, $78 million and $119 million for the years ended december 31, 2017, 2016 and 2015, respectively.","research and development expense was $72 million, $78 million and $119 million for the years ended december 31, 2017, 2016 and 2015, respectively.",CE/2017/page_20.pdf,CE/2017/page_20.pdf
22,1,for the year ended december 31 2008 what was the net profit margin,based on the year ended december 31 2008 (unaudited) information what was the net profit margin,3.1%,3.1%,the revenue of year ended december 31 2008 (unaudited) is $9362.2; the net income of year ended december 31 2008 (unaudited) is 285.7;,the revenue of year ended december 31 2008 (unaudited) is $9362.2; the revenue of year ended december 31 2007 (unaudited) is $9244.9; the net income of year ended december 31 2008 (unaudited) is 285.7; the net income of year ended december 31 2007 (unaudited) is 423.2;,RSG/2010/page_114.pdf,RSG/2009/page_118.pdf
23,1,what portion of the final purchase price is related to goodwill?,what portion of the final purchase price of biolucent is dedicated to goodwill?,65.3%,65.3%,net tangible assets acquired as of september 18 2007 the goodwill of $2800 is 47800; net tangible assets acquired as of september 18 2007 the final purchase price of $2800 is $73200;,net tangible assets acquired as of september 18 2007 the goodwill of $2800 is 47800; net tangible assets acquired as of september 18 2007 the final purchase price of $2800 is $73200;,HOLX/2009/page_133.pdf,HOLX/2008/page_140.pdf
24,0,"what was the net change in the repurchase reserve between 2008 and 2009, in millions?","what was the percentage change in the repurchase reserve between 2008 and 2009, in millions?",407,543%,in millions of dollars the balance end of the year of 2009 is $482; the balance end of the year of 2008 is $75;,in millions of dollars the balance end of the year of 2009 is $482; the balance end of the year of 2008 is $75;,C/2009/page_141.pdf,C/2009/page_141.pdf
25,0,what would the unrealized gain/ (loss) on securities in millions have been in 2008 without the reclassification of an investment previously accounted for under the equity method to an available-for-sale investment?,"what would be the net value, in millions of dollars, of investment gains in 2008 if all unrealized losses were realized?",-25.1,385.4,"the unrealized gain/ (loss) on securities of balance at december 31 2007 is -1.9; the unrealized gain/ (loss) on securities of other comprehensive income (loss) is 0.6; the unrealized gain/ (loss) on securities of balance at december 31 2008 is -1.3; the investment was marked-to- market in accordance with sfas 115, 201caccounting for certain investments in debt and equity securities, 201d resulting in a net unrealized gain of $23.8 million recorded in other comprehensive income for 2008.","ireland. for the year ended december 31, 2008, we incurred $695.8 million of realized investment gains and $310.4 million of unrealized investment losses.",ZBH/2008/page_72.pdf,RE/2010/page_42.pdf
26,0,what is the ratio of the reinsurance receivables and premium receivables for 2015 to 2014,what is the net change in the balance of reinsurance receivables and premium receivables from 2014 to 2015?,0.78,-6619,"(dollars in thousands) the reinsurance receivables and premium receivables of years ended december 31, 2015 is $22878; the reinsurance receivables and premium receivables of years ended december 31, 2014 is $29497;","(dollars in thousands) the reinsurance receivables and premium receivables of years ended december 31, 2015 is $22878; the reinsurance receivables and premium receivables of years ended december 31, 2014 is $29497;",RE/2015/page_110.pdf,RE/2015/page_110.pdf
27,0,in the fourth quarter of 2018 what was the percent of the shares bought in december,"for the fourth quarter ended december 31, 2015 what was the percent of the total number of shares purchased in november",56.2%,34.83%,2018 period the december 1 2013 31 of total shares purchased (a) is 3458; the december 1 2013 31 of average price paid per share is $119.43; the december 1 2013 31 of total shares purchased as part of publicly announced programs (b) is 3458; the december 1 2013 31 of maximum number of shares that may yet be purchased under the programs (b) is 20714; 2018 period the total of total shares purchased (a) is 6153; the total of average price paid per share is $124.67; the total of total shares purchased as part of publicly announced programs (b) is; the total of maximum number of shares that may yet be purchased under the programs (b) is;,period the nov. 1 through nov. 30 of total number of shares purchased [a] is 2325865; the nov. 1 through nov. 30 of average price paid per share is 86.61; the nov. 1 through nov. 30 of total number of shares purchased as part of a publicly announcedplan or program [b] is 2322992; the nov. 1 through nov. 30 of maximum number of shares remaining under the plan or program [b] is 53755200; period the total of total number of shares purchased [a] is 6678985; the total of average price paid per share is $88.22; the total of total number of shares purchased as part of a publicly announcedplan or program [b] is 6646899; the total of maximum number of shares remaining under the plan or program [b] is n/a;,PNC/2018/page_45.pdf,UNP/2015/page_21.pdf
28,1,in 2009 what was the percentage change in the allowance balance for the uncollectable accounts,what is the percentage change in the balance of allowances from 2008 to 2009?,148%,148.4%,"the balance as of december 31, of 2010 is $22505; the balance as of december 31, of 2009 is $28520; the balance as of december 31, of 2008 is $11482;","the balance as of january 1, of 2010 is $28520; the balance as of january 1, of 2009 is $11482; the balance as of january 1, of 2008 is $8850; the balance as of december 31, of 2010 is $22505; the balance as of december 31, of 2009 is $28520; the balance as of december 31, of 2008 is $11482;",AMT/2010/page_82.pdf,AMT/2010/page_82.pdf
29,0,"what is the total value of issued securities that are approved by security holders, in billions?","what is the total value of the number of securities approved by stockholders, in millions?",13.7,97.5,plan category the equity compensation plans approved by security holders of number of securities to be issued upon exercise of outstanding options warrants and rights (1) (a) (b) is 3946111; the equity compensation plans approved by security holders of weighted-average exercise price of outstanding optionswarrants and rights (2) is $34.67; the equity compensation plans approved by security holders of number of securities remaining available for future issuance under equity compensation plans ( excluding securitiesreflected in column (a) ) (c) is 3608527;,equity compensation plancategory the stockholder-approved plans of number ofsecurities to beissued uponexercise ofoutstandingoptions warrantsand rights is 2.7; the stockholder-approved plans of weighted averageexercise price ofoutstandingoptions warrantsand rights is $36.11; the stockholder-approved plans of number of securitiesremaining availablefor future issuanceunder equitycompensation plans (excluding securitiesreflected in the firstcolumn) is 46.2;,HII/2012/page_127.pdf,BKR/2018/page_127.pdf
30,0,what percent of the ratings profile of derivative receivables were junk rated in 2013?,what percent of the ratings profile of derivative receivables were junk rated in 2014?,20,12,rating equivalent december 31 (in millions except ratios) the bb+/ba1 to b-/b3 of rating equivalent exposure net of all collateral is 6384; the bb+/ba1 to b-/b3 of rating equivalent % of exposure net of all collateral is 11; the bb+/ba1 to b-/b3 of exposure net of all collateral is 6806; the bb+/ba1 to b-/b3 of % of exposure net of all collateral is 13; rating equivalent december 31 (in millions except ratios) the ccc+/caa1 and below of rating equivalent exposure net of all collateral is 837; the ccc+/caa1 and below of rating equivalent % of exposure net of all collateral is 1; the ccc+/caa1 and below of exposure net of all collateral is 3415; the ccc+/caa1 and below of % of exposure net of all collateral is 7;,rating equivalent december 31 (in millions except ratios) the bb+/ba1 to b-/b3 of rating equivalent exposure net of all collateral is 6384; the bb+/ba1 to b-/b3 of rating equivalent % of exposure net of all collateral is 11; the bb+/ba1 to b-/b3 of exposure net of all collateral is 6806; the bb+/ba1 to b-/b3 of % of exposure net of all collateral is 13; rating equivalent december 31 (in millions except ratios) the ccc+/caa1 and below of rating equivalent exposure net of all collateral is 837; the ccc+/caa1 and below of rating equivalent % of exposure net of all collateral is 1; the ccc+/caa1 and below of exposure net of all collateral is 3415; the ccc+/caa1 and below of % of exposure net of all collateral is 7;,JPM/2014/page_128.pdf,JPM/2014/page_128.pdf
31,0,what is the change in percentage points in cash-to-debt ratio from 2005 to 2006?,what was the effect in difference of average borrowing rate due to the use of swaps in 2012?,1.3,2.1%,the net debt to net capital at the end of the year of 2007 is 54.6%; the net debt to net capital at the end of the year of 2006 is 49.4%; the net debt to net capital at the end of the year of 2005 is 51.5%; the effect of subtracting cash from debt of 2007 is 3.0%; the effect of subtracting cash from debt of 2006 is 2.9%; the effect of subtracting cash from debt of 2005 is 1.6%;,the weighted average coupon of long-term borrowings at period-end (1) of 2013 is 4.4%; the weighted average coupon of long-term borrowings at period-end (1) of 2012 is 4.4%; the weighted average coupon of long-term borrowings at period-end (1) of 2011 is 4.0%; the effective average borrowing rate for long-term borrowings after swaps at period-end (1) of 2013 is 2.2%; the effective average borrowing rate for long-term borrowings after swaps at period-end (1) of 2012 is 2.3%; the effective average borrowing rate for long-term borrowings after swaps at period-end (1) of 2011 is 1.9%;,ETR/2007/page_36.pdf,MS/2013/page_223.pdf
32,1,what was the percent of the increase in the revenue from 2010 to 2011,what was the percent of the increase in the aons revenues for risk solutions from 2010 to 2011,6.1%,6.1%,"years ended december 31, the revenue of 2011 is $6817; the revenue of 2010 is $6423; the revenue of 2009 is $6305;",years ended december 31 the risk solutions of 2011 is $6817; the risk solutions of 2010 is $6423; the risk solutions of 2009 is $6305;,AON/2011/page_61.pdf,AON/2011/page_134.pdf
33,0,"did abiomed inc, outperform the nasdaq medical equipment index?\\n",did abiomed outperform the nasdaq medical equipment index?,yes,yes,the abiomed inc of 3/31/2006 is 100; the abiomed inc of 3/31/2007 is 105.89; the abiomed inc of 3/31/2008 is 101.86; the abiomed inc of 3/31/2009 is 37.98; the abiomed inc of 3/31/2010 is 80.00; the abiomed inc of 3/31/2011 is 112.64; the nasdaq medical equipment sic code 3840-3849 of 3/31/2006 is 100; the nasdaq medical equipment sic code 3840-3849 of 3/31/2007 is 88.78; the nasdaq medical equipment sic code 3840-3849 of 3/31/2008 is 84.26; the nasdaq medical equipment sic code 3840-3849 of 3/31/2009 is 46.12; the nasdaq medical equipment sic code 3840-3849 of 3/31/2010 is 83.47; the nasdaq medical equipment sic code 3840-3849 of 3/31/2011 is 91.35;,the abiomed inc of 3/31/2007 is 100; the abiomed inc of 3/31/2008 is 96.19; the abiomed inc of 3/31/2009 is 35.87; the abiomed inc of 3/31/2010 is 75.55; the abiomed inc of 3/31/2011 is 106.37; the abiomed inc of 3/31/2012 is 162.45; the nasdaq medical equipment sic code 3840-3849 of 3/31/2007 is 100; the nasdaq medical equipment sic code 3840-3849 of 3/31/2008 is 82.91; the nasdaq medical equipment sic code 3840-3849 of 3/31/2009 is 41.56; the nasdaq medical equipment sic code 3840-3849 of 3/31/2010 is 77.93; the nasdaq medical equipment sic code 3840-3849 of 3/31/2011 is 94.54; the nasdaq medical equipment sic code 3840-3849 of 3/31/2012 is 74.40;,ABMD/2011/page_33.pdf,ABMD/2012/page_41.pdf
34,0,what percent of operating lease payments are due in less than one year?,what is the percent of the operating leases that are due in 1 2013 3 years to the total leases.,21.2%,27.5%,(millions) the operating leases of total is 617; the operating leases of payments due by period less than 1 year is 131; the operating leases of payments due by period 2-3 years is 211; the operating leases of payments due by period 4-5 years is 160; the operating leases of payments due by period more than 5 years is 115;,contractual obligation the operating leases of payments due by period total is $37899; the operating leases of payments due by period less than 1 year is $5320; the operating leases of payments due by period 1 2013 3 years is $10410; the operating leases of payments due by period 1 2013 5 years is $9371; the operating leases of payments due by period more than 5 years is $12798;,ECL/2017/page_57.pdf,ILMN/2006/page_57.pdf
35,1,what portion of the operating leases are due in the next 12 months?,what portion of the future minimum operating lease payments is due in the next 12 months?,33.5%,33.5%,the operating leases of 2008 is 83382; the operating leases of 2009 is 63060; the operating leases of 2010 is 35269; the operating leases of 2011 is 21598; the operating leases of 2012 is 14860; the operating leases of thereafter is 30869; the operating leases of total is 249038;,2008 the total of 83382 is $249038;,FIS/2007/page_52.pdf,FIS/2007/page_94.pdf
36,0,what percentage of gce in 2012 is in non-u.s. dollar-denominated assets?,what percentage of gce in 2011 is in non-u.s. dollar-denominated assets?,27%,24%,in millions the u.s. dollar-denominated of average for theyear ended december 2012 is $125111; the u.s. dollar-denominated of average for theyear ended december 2011 is $125668; in millions the total of average for theyear ended december 2012 is $172095; the total of average for theyear ended december 2011 is $165959; in millions the non-u.s. dollar-denominated of average for theyear ended december 2012 is 46984; the non-u.s. dollar-denominated of average for theyear ended december 2011 is 40291;,in millions the u.s. dollar-denominated of average for theyear ended december 2012 is $125111; the u.s. dollar-denominated of average for theyear ended december 2011 is $125668; in millions the total of average for theyear ended december 2012 is $172095; the total of average for theyear ended december 2011 is $165959; in millions the non-u.s. dollar-denominated of average for theyear ended december 2012 is 46984; the non-u.s. dollar-denominated of average for theyear ended december 2011 is 40291;,GS/2012/page_83.pdf,GS/2012/page_83.pdf
37,0,what is the net change in net revenue during 2004 for entergy arkansas inc.?,what is the net change in net revenue during 2004 for entergy corporation?,-20.3,29.5,the 2003 net revenue of (in millions) is $998.7; the 2004 net revenue of (in millions) is $978.4;,the 2003 net revenue of (in millions) is $4214.5; the 2004 net revenue of (in millions) is $4244.0;,ETR/2004/page_159.pdf,ETR/2004/page_19.pdf
38,0,"what was the smallest change in changes in fair value of derivatives, in millions",what was the total net change in net fair value of derivatives outstanding at between 2007 and 2008 in thousands?,-1,233629,the changes in fair value of derivatives of 2007 is $-1; the changes in fair value of derivatives of 2006 is $11; the changes in fair value of derivatives of 2005 is $7;,the net fair value of derivatives outstanding at december 31 2007 of (thousands of dollars) is $25171; the net fair value of derivatives outstanding at december 31 2008 (a) of (thousands of dollars) is $258800;,AAPL/2007/page_79.pdf,OKE/2008/page_86.pdf
39,1,what was the percentage change in net cash provided by operating activities from 2016 to 2017?,what was the percentage change in net cash provided by operating activities between 2016 and 2017?,1%,1%,years ended (in millions) the net cash provided by operating activities of dec 302017 is $22110; the net cash provided by operating activities of dec 312016 is $21808; the net cash provided by operating activities of dec 262015 is $19018;,years ended (in millions) the net cash provided by operating activities of dec 292018 is $29432; the net cash provided by operating activities of dec 302017 is $22110; the net cash provided by operating activities of dec 312016 is $21808;,INTC/2017/page_45.pdf,INTC/2018/page_48.pdf
40,0,what was the difference in operating profit margins as adjusted from 2015 to 2016?,what was the difference in operating profit margins as adjusted between 2016 and 2017?,1.6%,.6%,the operating profit margins as adjusted of 2017 is 15.3%; the operating profit margins as adjusted of 2016 is 14.6%; the operating profit margins as adjusted of 2015 is 13.0%;,the operating profit margins as adjusted of 2018 is 15.1%; the operating profit margins as adjusted of 2017 is 15.7%; the operating profit margins as adjusted of 2016 is 15.1%;,MAS/2017/page_37.pdf,MAS/2018/page_35.pdf
41,0,what is the percent increase in net revenue from 2010 to 2011?,what was the percentage change in the net revenue in 2010,2.93%,11.4%,the 2010 net revenue of amount (in millions) is $1216.7; the 2011 net revenue of amount (in millions) is $1252.3;,the 2009 net revenue of amount (in millions) is $485.1; the 2010 net revenue of amount (in millions) is $540.2;,ETR/2011/page_273.pdf,ETR/2011/page_377.pdf
42,0,what was total mainline operating expenses for 2014?,in 2015 what were the total mainline operating expenses in millions,31903,28824,year the 2014 of gallons is 3644; the 2014 of average price pergallon is 2.91; the 2014 of aircraft fuel expense is 10592; the 2014 of percent of total mainline operating expenses is 33.2%;,year the 2015 of gallons is 3611; the 2015 of average price pergallon is $1.72; the 2015 of aircraft fuel expense is $6226; the 2015 of percent of total mainline operating expenses is 21.6%;,AAL/2015/page_18.pdf,AAL/2015/page_18.pdf
43,1,what was the tax rate associated with the recognized a non-cash net gain from obtaining a controlling interest in awe,what was the percent of the tax associated with the acquisition of the controlling effect in awe in 2016,18.1%,18.1%,in 2016we recognized a non-cash net gain of $104million associatedwith obtaining a controlling interest inawewhich consisted of a $127 million pretax gain recognized in the operating results of our space business segment and $23 million of tax-related items at our corporate office.,"in 2016, we recognized a non-cash net gain of $104 million associated with obtaining a controlling interest in awe, which consisted of a $127 million pretax gain recognized in the operating results of our space business segment and $23 million of tax-related items at our corporate office.",LMT/2017/page_83.pdf,LMT/2018/page_85.pdf
44,0,"what was the change in weighted average common shares outstanding for diluted computations from 2014 to 2015, in millions?",what was the change in millions of the weighted average common shares outstanding for diluted computations from 2013 to 2014?,-7.7,-4.1,the weighted average common shares outstanding for diluted computations of 2015 is 314.7; the weighted average common shares outstanding for diluted computations of 2014 is 322.4; the weighted average common shares outstanding for diluted computations of 2013 is 326.5;,the weighted average common shares outstanding for diluted computations of 2014 is 322.4; the weighted average common shares outstanding for diluted computations of 2013 is 326.5; the weighted average common shares outstanding for diluted computations of 2012 is 328.4;,LMT/2015/page_86.pdf,LMT/2014/page_77.pdf
45,0,what is the growth rate in advertising expense in 2002 relative to 2001?,what is the growth rate in advertising expense in 2003 relative to 2002?,-12.5%,-10.1%,"advertising expenses for fiscal years 2003, 2002, and 2001 were $24.0 million, $26.7 million and $30.5 million, respectively.","advertising expenses for fiscal years 2003, 2002, and 2001 were $24.0 million, $26.7 million and $30.5 million, respectively.",ADBE/2003/page_111.pdf,ADBE/2003/page_111.pdf
46,1,"what was the increase in class a common stock issued and outstanding between years, in thousands?",how many class a common stocks issued and outstanding were issued between 2016 and 2017 in thousands?,995,995,"(in thousands) the class a common stock issued and outstanding of december 31, 2017 is 339235; the class a common stock issued and outstanding of december 31, 2016 is 338240;","(in thousands) the class a common stock issued and outstanding of december 31, 2017 is 339235; the class a common stock issued and outstanding of december 31, 2016 is 338240;",CME/2017/page_97.pdf,CME/2017/page_97.pdf
47,1,what was the percentage change in warranty reserves from 2008 to 2009?,based on the review of the changes in the warranty reserve what was the percentage change in the year end balance in 2009,12%,11.9%,balance as of january 1 2008 the balance as of december 31 2008 of $580 is 540; balance as of january 1 2008 the balance as of december 31 2009 of $580 is $604;,balance as of january 1 2008 the balance as of december 31 2009 of $580 is $604; balance as of january 1 2008 the balance as of december 31 2008 of $580 is 540;,LKQ/2009/page_66.pdf,LKQ/2009/page_66.pdf
48,0,what is the average weighted average useful life (years) for purchased technology and customer contracts and relationships?,"for the weighted average useful lives of our intangible assets, what was the average weighted average useful life (years) for purchased technology and customer contracts and relationships?",7.5,7.5,the purchased technology of weighted averageuseful life (years) is 5; the customer contracts and relationships of weighted averageuseful life (years) is 10;,the purchased technology of weighted averageuseful life (years) is 6; the customer contracts and relationships of weighted averageuseful life (years) is 9;,ADBE/2012/page_87.pdf,ADBE/2018/page_66.pdf
49,0,what was the percent of the total number of share repurchase in the fourth quarter of 2013 that was attested to upc by employees to pay stock option exercise prices,"in the fourth quarter ended december 31, 2015 what was the percent of the total number of shares purchased that was attributable to the employees to pay stock option exercise prices, satisfy excess tax withholding obligations",0.11%,\\n0.5%,"period the total of total number ofsharespurchased [a] is 4934319; the total of averageprice paidper share is $159.37; the total of total number of sharespurchased as part ofapublicly announced planor program [b] is 4929055; the total of maximum number ofshares that may yetbe purchased under the planor program [b] is n/a; [a] total number of shares purchased during the quarter includes approximately 5264 shares delivered or attested to upc by employees to pay stock option exercise prices, satisfy excess tax withholding obligations for stock option exercises or vesting of retention units, and pay withholding obligations for vesting of retention shares.","period the total of total number of shares purchased [a] is 6678985; the total of average price paid per share is $88.22; the total of total number of shares purchased as part of a publicly announcedplan or program [b] is 6646899; the total of maximum number of shares remaining under the plan or program [b] is n/a; [a] total number of shares purchased during the quarter includes approximately 32086 shares delivered or attested to upc by employees to pay stock option exercise prices, satisfy excess tax withholding obligations for stock option exercises or vesting of retention units, and pay withholding obligations for vesting of retention shares.",UNP/2013/page_21.pdf,UNP/2015/page_21.pdf
50,0,what is the rate of return of an investment in cadence design systems from the end of the year in 2015 to the end of the year in 2016?,what is the rate of return of an investment in cadence design systems inc from 2001 to 2004?,10.5%,-18.5%,the cadence design systems inc. of 12/31/2011 is 100.00; the cadence design systems inc. of 12/29/2012 is 129.23; the cadence design systems inc. of 12/28/2013 is 133.94; the cadence design systems inc. of 1/3/2015 is 181.06; the cadence design systems inc. of 1/2/2016 is 200.10; the cadence design systems inc. of 12/31/2016 is 242.50;,the s & p 500 of december 29 2001 is 100.00; the s & p 500 of december 28 2002 is 77.90; the s & p 500 of january 3 2004 is 100.24; the s & p 500 of january 1 2005 is 111.15; the s & p 500 of december 31 2005 is 116.61; the s & p 500 of december 30 2006 is 135.03; the cadence design systems inc. of december 29 2001 is 100.00; the cadence design systems inc. of december 28 2002 is 54.38; the cadence design systems inc. of january 3 2004 is 81.52; the cadence design systems inc. of january 1 2005 is 61.65; the cadence design systems inc. of december 31 2005 is 75.54; the cadence design systems inc. of december 30 2006 is 79.96;,CDNS/2016/page_32.pdf,CDNS/2006/page_30.pdf
51,1,what is the percent change in total balance of stockholder equity between january 2006 and 2007?,what is the percent change in stockholders 2019 equity derivative between january and december 2006?,700%,700%,"the balance at january 1 of 2008 is $2014; the balance at january 1 of 2007 is $16; the balance at january 1 of 2006 is $2; stockholders 2019 equity derivative instruments activity, net of tax, included in non-owner changes to equity within the consolidated statements of stockholders 2019 equity for the years ended december 31, 2008, 2007 and 2006 is as follows:","the balance at january 1 of 2007 is $16; the balance at january 1 of 2006 is $2; the balance at january 1 of 2005 is $-272; the balance at december 31 of 2007 is $2014; the balance at december 31 of 2006 is $16; the balance at december 31 of 2005 is $2; stockholders 2019 equity derivative instruments activity, net of tax, included in non-owner changes to equity within the consolidated statements of stockholders 2019 equity for the years ended december 31, 2007 and 2006 is as follows:",MSI/2008/page_110.pdf,MSI/2007/page_102.pdf
52,0,did jpmorgan chase outperform the kbw bank index?,did jpmorgan chase outperform the kbw bank index?,yes,yes,december 31 (in dollars) the jpmorgan chase of 2013 is $100.00; the jpmorgan chase of 2014 is $109.88; the jpmorgan chase of 2015 is $119.07; the jpmorgan chase of 2016 is $160.23; the jpmorgan chase of 2017 is $203.07; the jpmorgan chase of 2018 is $189.57; december 31 (in dollars) the kbw bank index of 2013 is 100.00; the kbw bank index of 2014 is 109.36; the kbw bank index of 2015 is 109.90; the kbw bank index of 2016 is 141.23; the kbw bank index of 2017 is 167.49; the kbw bank index of 2018 is 137.82;,december 31 (in dollars) the jpmorgan chase of 2010 is $100.00; the jpmorgan chase of 2011 is $80.03; the jpmorgan chase of 2012 is $108.98; the jpmorgan chase of 2013 is $148.98; the jpmorgan chase of 2014 is $163.71; the jpmorgan chase of 2015 is $177.40; december 31 (in dollars) the kbw bank index of 2010 is 100.00; the kbw bank index of 2011 is 76.82; the kbw bank index of 2012 is 102.19; the kbw bank index of 2013 is 140.77; the kbw bank index of 2014 is 153.96; the kbw bank index of 2015 is 154.71;,JPM/2018/page_73.pdf,JPM/2015/page_77.pdf
53,0,what was the change in percentage sales to restaurants from 2004 to 2005?,what was the change in the percentage of sales to restaurants from 2018 to 2019?,0%,0%,type of customer the restaurants of 2006 is 63%; the restaurants of 2005 is 64%; the restaurants of 2004 is 64%;,type of customer the restaurants of 2019 is 62%; the restaurants of 2018 is 62%; the restaurants of 2017 is 61%;,SYY/2006/page_26.pdf,SYY/2019/page_9.pdf
54,0,what was the 5 year return of the s&p 500 index?,what was the 5 year return of the s&p financial index?,80.67%,64.15%,december 31 (in dollars) the s&p 500 index of 2010 is 100.00; the s&p 500 index of 2011 is 102.11; the s&p 500 index of 2012 is 118.44; the s&p 500 index of 2013 is 156.78; the s&p 500 index of 2014 is 178.22; the s&p 500 index of 2015 is 180.67;,december 31 (in dollars) the s&p financial index of 2010 is 100.00; the s&p financial index of 2011 is 82.94; the s&p financial index of 2012 is 106.78; the s&p financial index of 2013 is 144.79; the s&p financial index of 2014 is 166.76; the s&p financial index of 2015 is 164.15;,JPM/2015/page_77.pdf,JPM/2015/page_77.pdf
55,0,did jpmorgan chase outperform the kbw bank index?,did jpmorgan chase outperform the kbw bank index?,yes,yes,december 31 (in dollars) the jpmorgan chase of 2010 is $100.00; the jpmorgan chase of 2011 is $80.03; the jpmorgan chase of 2012 is $108.98; the jpmorgan chase of 2013 is $148.98; the jpmorgan chase of 2014 is $163.71; the jpmorgan chase of 2015 is $177.40; december 31 (in dollars) the kbw bank index of 2010 is 100.00; the kbw bank index of 2011 is 76.82; the kbw bank index of 2012 is 102.19; the kbw bank index of 2013 is 140.77; the kbw bank index of 2014 is 153.96; the kbw bank index of 2015 is 154.71;,december 31 (in dollars) the jpmorgan chase of 2012 is $100.00; the jpmorgan chase of 2013 is $136.71; the jpmorgan chase of 2014 is $150.22; the jpmorgan chase of 2015 is $162.79; the jpmorgan chase of 2016 is $219.06; the jpmorgan chase of 2017 is $277.62; december 31 (in dollars) the kbw bank index of 2012 is 100.00; the kbw bank index of 2013 is 137.76; the kbw bank index of 2014 is 150.66; the kbw bank index of 2015 is 151.39; the kbw bank index of 2016 is 194.55; the kbw bank index of 2017 is 230.72;,JPM/2015/page_77.pdf,JPM/2017/page_69.pdf
56,0,did jpmorgan chase outperform the s&p financial index?,did jpmorgan chase outperform the kbw bank index?,yes,yes,december 31 (in dollars) the jpmorgan chase of 2010 is $100.00; the jpmorgan chase of 2011 is $80.03; the jpmorgan chase of 2012 is $108.98; the jpmorgan chase of 2013 is $148.98; the jpmorgan chase of 2014 is $163.71; the jpmorgan chase of 2015 is $177.40; december 31 (in dollars) the s&p financial index of 2010 is 100.00; the s&p financial index of 2011 is 82.94; the s&p financial index of 2012 is 106.78; the s&p financial index of 2013 is 144.79; the s&p financial index of 2014 is 166.76; the s&p financial index of 2015 is 164.15;,december 31 (in dollars) the jpmorgan chase of 2012 is $100.00; the jpmorgan chase of 2013 is $136.71; the jpmorgan chase of 2014 is $150.22; the jpmorgan chase of 2015 is $162.79; the jpmorgan chase of 2016 is $219.06; the jpmorgan chase of 2017 is $277.62; december 31 (in dollars) the kbw bank index of 2012 is 100.00; the kbw bank index of 2013 is 137.76; the kbw bank index of 2014 is 150.66; the kbw bank index of 2015 is 151.39; the kbw bank index of 2016 is 194.55; the kbw bank index of 2017 is 230.72;,JPM/2015/page_77.pdf,JPM/2017/page_69.pdf
57,0,what percentage of the 2016 ratings profile of derivative receivables had a rating equivalent for junk ratings?,"for 2017, what percentage of derivative receivables are rated junk?",20,20,rating equivalent december 31 (in millions except ratios) the bb+/ba1 to b-/b3 of rating equivalent exposure net of all collateral is 7308; the bb+/ba1 to b-/b3 of rating equivalent % of exposure netof all collateral is 18; the bb+/ba1 to b-/b3 of exposure net of all collateral is 7500; the bb+/ba1 to b-/b3 of % of exposure netof all collateral is 17; rating equivalent december 31 (in millions except ratios) the ccc+/caa1 and below of rating equivalent exposure net of all collateral is 984; the ccc+/caa1 and below of rating equivalent % of exposure netof all collateral is 2; the ccc+/caa1 and below of exposure net of all collateral is 824; the ccc+/caa1 and below of % of exposure netof all collateral is 2;,rating equivalent december 31 (in millions except ratios) the bb+/ba1 to b-/b3 of rating equivalent exposure net of all collateral is 7397; the bb+/ba1 to b-/b3 of rating equivalent % of exposure netof all collateral is 18; the bb+/ba1 to b-/b3 of exposure net of all collateral is 7308; the bb+/ba1 to b-/b3 of % of exposure netof all collateral is 18; rating equivalent december 31 (in millions except ratios) the ccc+/caa1 and below of rating equivalent exposure net of all collateral is 645; the ccc+/caa1 and below of rating equivalent % of exposure netof all collateral is 2; the ccc+/caa1 and below of exposure net of all collateral is 984; the ccc+/caa1 and below of % of exposure netof all collateral is 2;,JPM/2016/page_141.pdf,JPM/2017/page_145.pdf
58,1,what portion of total shares repurchased in the fourth quarter of 2010 occurred during october?,what was the percent of the total number of shares purchased in fourth quarter of 2010 in october,49.5%,49.5%,period the october 2010 of total number of shares purchased (1) is 722890; the october 2010 of average price paid per share is $50.76; the october 2010 of total number of shares purchased as part of publicly announced plans or programs is 722890; the october 2010 of approximate dollar value of shares that may yet be purchasedunder the plans or programs (in millions) is $369.1; period the total fourth quarter of total number of shares purchased (1) is 1460682; the total fourth quarter of average price paid per share is $51.08; the total fourth quarter of total number of shares purchased as part of publicly announced plans or programs is 1460682; the total fourth quarter of approximate dollar value of shares that may yet be purchasedunder the plans or programs (in millions) is $331.1;,period the total fourth quarter of total number of shares purchased (1) is 1460682; the total fourth quarter of average price paid per share is $51.08; the total fourth quarter of total number of shares purchased as part of publicly announced plans or programs is 1460682; the total fourth quarter of approximate dollar value of shares that may yet be purchasedunder the plans or programs (in millions) is $331.1; period the october 2010 of total number of shares purchased (1) is 722890; the october 2010 of average price paid per share is $50.76; the october 2010 of total number of shares purchased as part of publicly announced plans or programs is 722890; the october 2010 of approximate dollar value of shares that may yet be purchasedunder the plans or programs (in millions) is $369.1;,AMT/2010/page_36.pdf,AMT/2010/page_36.pdf
59,0,what was the change in tier 1 capital % from 2007 to 2008?,tier 2 capital is what percent of total capital for 2008?,4.8%,26.3%,at year end the tier 1 capital of 2008 is 11.92%; the tier 1 capital of 2007 is 7.12%;,december 31 (in millions) the total tier 2 capital of 2008 is 48616; the total tier 2 capital of 2007 is 43496; december 31 (in millions) the total capital of 2008 is $184720; the total capital of 2007 is $132242;,C/2008/page_100.pdf,JPM/2008/page_85.pdf
60,0,did the annual interest savings on the redemption of the 6.65% notes exceed the cost of the early extinguishment?,was 2010 interest expense greater than the nonrecurring expenses of the one-time payment to csx in the first quarter of 2010?,yes,yes,"on november 1, 2010, we redeemed all $400 million of our outstanding 6.65% notes due january 15, 2011. the redemption resulted in a $5 million early extinguishment charge.","millions the interest expense of 2012 is -535; the interest expense of 2011 is -572; the interest expense of 2010 is -602; the interest expense of % change 2012 v 2011 is -6; the interest expense of % change 2011 v 2010 is -5; a one-time payment of $45 million in the first quarter of 2010 related to a transaction with csxi and continued improvement in our safety performance and lower estimated liability for personal injury, which reduced our personal injury expense year-over-year, partially offset increases in other costs.",UNP/2011/page_80.pdf,UNP/2012/page_30.pdf
61,1,what was the percent of the decline in the account balance in the allowance for doubtful accounts from 2016 to 2017,what was the percentage change in the allowance for doubtful accounts in 2016,-5.8%,-5.8%,the balance at end of year of 2017 is $38.9; the balance at end of year of 2016 is $44.0; the balance at end of year of 2015 is $46.7;,the balance at beginning of year of 2016 is $46.7; the balance at beginning of year of 2015 is $38.9; the balance at beginning of year of 2014 is $38.3; the balance at end of year of 2016 is $44.0; the balance at end of year of 2015 is $46.7; the balance at end of year of 2014 is $38.9;,RSG/2017/page_98.pdf,RSG/2016/page_98.pdf
62,0,"in millions, what was total outstanding for interest only products plus principal and interest products?","for principle and interest products, what percent of the total was due in 2020 and thereafter?",14826,72.2%,in millions the total (a) (b) of interest onlyproduct is $6401; the total (a) (b) of principal andinterest product is $8425;,in millions the 2020 and thereafter of interest onlyproduct is 3321; the 2020 and thereafter of principal andinterest product is 5758; in millions the total (a) (b) of interest onlyproduct is $8124; the total (a) (b) of principal andinterest product is $7975;,PNC/2016/page_73.pdf,PNC/2015/page_93.pdf
63,1,in 2008 what was the tax rate associated with the goodwill impairment,what was the tax rate applied applied to the goodwill impairment charge in the fourth quarter of 2008,10.3%,10.3%,"based on the results of the second step of testing, the company recorded a $9.6 billion pretax ($8.7 billion after tax) goodwill impairment charge in the fourth quarter of 2008, representing the entire amount of goodwill allocated to these reporting units.","based on the results of the second step of testing, at december 31, 2008, the company recorded a $9.6 billion pretax ($8.7 billion after-tax) goodwill impairment charge in the fourth quarter of 2008, representing most of the goodwill allocated to these reporting units.",C/2008/page_173.pdf,C/2009/page_197.pdf
64,0,what is the rate of return on an investment in s&p500 index from 2015 to 2016?,what is the return on investment for s&p500 from 2004 to 2006?,1.4%,21.5%,company/index the s&p 500 index of december 31 2011 is 100.00; the s&p 500 index of december 29 2012 is 114.07; the s&p 500 index of december 28 2013 is 152.98; the s&p 500 index of january 3 2015 is 174.56; the s&p 500 index of january 2 2016 is 177.01; the s&p 500 index of december 31 2016 is 198.18;,the s&p 500 index of 2004 is 100.00; the s&p 500 index of 2005 is 104.91; the s&p 500 index of 2006 is 121.48; the s&p 500 index of 2007 is 128.16; the s&p 500 index of 2008 is 80.74; the s&p 500 index of 2009 is 102.11;,AAP/2016/page_26.pdf,L/2009/page_84.pdf
65,0,"what is the total value of restricted stock units outstanding at october 30, 2010?","what is the total fair value of restricted stock units outstanding at october 29, 2011?",35685.7,64937,the restricted stock units outstanding at october 30 2010 of restricted stock units outstanding is 1265; the restricted stock units outstanding at october 30 2010 of weighted- average grant- date fair value per share is $28.21;,the restricted stock units outstanding at october 29 2011 of restricted stock units outstanding is 2088; the restricted stock units outstanding at october 29 2011 of weighted- average grant- date fair value per share is $31.10;,ADI/2010/page_73.pdf,ADI/2011/page_74.pdf
66,0,"what was the percentage cumulative total shareholder return on disca common stock from september 18, 2008 to december 31, 2012?","what was the percentage cumulative total shareholder return on disca common stock for the five year period ended december 31, 2014?",359.67%,124.65%,the disca of december 312008 is $102.53; the disca of december 312009 is $222.09; the disca of december 312010 is $301.96; the disca of december 312011 is $296.67; the disca of december 312012 is $459.67;,the disca of december 312009 is $100.00; the disca of december 312010 is $135.96; the disca of december 312011 is $133.58; the disca of december 312012 is $206.98; the disca of december 312013 is $294.82; the disca of december 312014 is $224.65;,DISCA/2012/page_54.pdf,DISCA/2014/page_64.pdf
67,1,what was the percent of the carrying amount reported on the consolidated balance sheet of certain mortgage loans hfs from 2017 to 2018,what was the percentage change in the carrying amount reported on the consolidate balance sheet from 2017 to 2018?,30.5%,31%,in millions of dollars the carrying amount reported on the consolidated balance sheet of december 312018 is $556; the carrying amount reported on the consolidated balance sheet of december 31 2017 is $426;,in millions of dollars the carrying amount reported on the consolidated balance sheet of december 312018 is $556; the carrying amount reported on the consolidated balance sheet of december 31 2017 is $426;,C/2018/page_288.pdf,C/2018/page_288.pdf
68,0,what was the change in restaurants percentage of sales from 2013 to 2014?,what was the change in the percentage of sales to restaurants from 2017 to 2018?,1%,1%,type of customer the restaurants of 2014 is 62%; the restaurants of 2013 is 61%; the restaurants of 2012 is 63%;,type of customer the restaurants of 2019 is 62%; the restaurants of 2018 is 62%; the restaurants of 2017 is 61%;,SYY/2014/page_16.pdf,SYY/2019/page_9.pdf
69,0,"what is the change in the balance of liability for all restructuring from 2006 to 2008, (in millions)?",what is the percentage decrease in total liability from dec 31 2007 to dec 31 2008?,-19,56.75%,the liability at december 31 2006 of 2007 program is $2014; the liability at december 31 2006 of 2003 program is $12.6; the liability at december 31 2006 of 2001 program is $19.2; the liability at december 31 2006 of total is $31.8; the liability at december 31 2008 of 2007 program is $1.2; the liability at december 31 2008 of 2003 program is $5.7; the liability at december 31 2008 of 2001 program is $5.9; the liability at december 31 2008 of total is $12.8;,"the liability at december 31 2007 of 2007 program is $11.9; the liability at december 31 2007 of 2003 program is $9.0; the liability at december 31 2007 of 2001 program is $8.7; the liability at december 31 2007 of total is $29.6; the liability at december 31 2008 of 2007 program is $1.2; the liability at december 31 2008 of 2003 program is $5.7; the liability at december 31 2008 of 2001 program is $5.9; the liability at december 31 2008 of total is $12.8; notes to consolidated financial statements 2014 (continued) (amounts in millions, except per share amounts) a summary of the remaining liability for the 2007, 2003 and 2001 restructuring programs is as follows: program program program total.",IPG/2008/page_62.pdf,IPG/2008/page_62.pdf
70,0,what is the percent change in the relative percentages of operating companies income (loss) attributable to smokeable products from 2013 to 2014?,what is the percent change in relative percentages of operating companies income (loss) attributable to smokeless products from 2015 to 2016?,2.7%,0.3%,the smokeable products of 2014 is 87.2%; the smokeable products of 2013 is 84.5%; the smokeable products of 2012 is 83.7%; the relative percentages of operating companies income (loss) attributable to each reportable segment and the all other category were as follows:,"the smokeless products of 2017 is 13.2; the smokeless products of 2016 is 13.1; the smokeless products of 2015 is 12.8; 10-k altria ar release tuesday, february 27, 2018 10:00pm andra design llc the relative percentages of operating companies income (loss) attributable to each reportable segment and the all other category were as follows:",MO/2014/page_11.pdf,MO/2017/page_10.pdf
71,1,what is the difference in total cumulative return on investment between united parcel service inc. and the standard & poor 2019s 500 index for the five year period ending 12/31/10?,what was the difference in percentage cumulative total shareowners 2019 returns for united parcel service inc. versus the standard & poor 2019s 500 index for the five years ended 12/31/10?,-1.42%,-1.42%,the united parcel service inc. of 12/31/05 is $100.00; the united parcel service inc. of 12/31/06 is $101.76; the united parcel service inc. of 12/31/07 is $98.20; the united parcel service inc. of 12/31/08 is $78.76; the united parcel service inc. of 12/31/09 is $84.87; the united parcel service inc. of 12/31/10 is $110.57; the standard & poor 2019s 500 index of 12/31/05 is $100.00; the standard & poor 2019s 500 index of 12/31/06 is $115.79; the standard & poor 2019s 500 index of 12/31/07 is $122.16; the standard & poor 2019s 500 index of 12/31/08 is $76.96; the standard & poor 2019s 500 index of 12/31/09 is $97.33; the standard & poor 2019s 500 index of 12/31/10 is $111.99;,the united parcel service inc. of 12/31/05 is $100.00; the united parcel service inc. of 12/31/06 is $101.76; the united parcel service inc. of 12/31/07 is $98.20; the united parcel service inc. of 12/31/08 is $78.76; the united parcel service inc. of 12/31/09 is $84.87; the united parcel service inc. of 12/31/10 is $110.57; the standard & poor 2019s 500 index of 12/31/05 is $100.00; the standard & poor 2019s 500 index of 12/31/06 is $115.79; the standard & poor 2019s 500 index of 12/31/07 is $122.16; the standard & poor 2019s 500 index of 12/31/08 is $76.96; the standard & poor 2019s 500 index of 12/31/09 is $97.33; the standard & poor 2019s 500 index of 12/31/10 is $111.99;,UPS/2010/page_33.pdf,UPS/2010/page_33.pdf
72,1,what portion of the total contractual obligations is related to the repayment of debt principal?,"what percent of total expected cash outflow to satisfy contractual obligations and commitments as of december 31, 2014, is debt principal?",45.3%,45%,commitment type the debt principal of 2015 is 876; the debt principal of 2016 is 8; the debt principal of 2017 is 377; the debt principal of 2018 is 752; the debt principal of 2019 is 1000; the debt principal of after 2019 is 7068; the debt principal of total is 10081; commitment type the total of 2015 is $2911; the total of 2016 is $2011; the total of 2017 is $1372; the total of 2018 is $1617; the total of 2019 is $1817; the total of after 2019 is $12550; the total of total is $22278;,commitment type the debt principal of 2015 is 876; the debt principal of 2016 is 8; the debt principal of 2017 is 377; the debt principal of 2018 is 752; the debt principal of 2019 is 1000; the debt principal of after 2019 is 7068; the debt principal of total is 10081; commitment type the total of 2015 is $2911; the total of 2016 is $2011; the total of 2017 is $1372; the total of 2018 is $1617; the total of 2019 is $1817; the total of after 2019 is $12550; the total of total is $22278;,UPS/2014/page_61.pdf,UPS/2014/page_61.pdf
73,1,what was the percentage change in the allowance for uncollectible accounts from year end 2004 to 2005?,what was the percentage change in year end allowance for uncollectible accounts between 2004 and 2005?,-26%,-26%,the allowances end of year of 2005 is $343; the allowances end of year of 2004 is $462; the allowances end of year of 2003 is $607;,the allowances end of year of 2006 is $155; the allowances end of year of 2005 is $343; the allowances end of year of 2004 is $462;,CNC/2005/page_39.pdf,CNC/2006/page_37.pdf
74,1,as of december 312013 what was the percent of the total contractual obligations global headquarters operating leases,what percentage of total contractual obligations comes from global headquarters operating leases?,47.3%,47.32%,(in thousands) the total contractual obligations of payments due by period total is $144535; the total contractual obligations of payments due by period within 1 year is $27775; the total contractual obligations of payments due by period 2 2013 3 years is $39046; the total contractual obligations of payments due by period 4 2013 5 years is $17585; the total contractual obligations of payments due by period after 5 years is $60129; (in thousands) the global headquarters operating leases (1) of payments due by period total is $68389; the global headquarters operating leases (1) of payments due by period within 1 year is $1429; the global headquarters operating leases (1) of payments due by period 2 2013 3 years is $8556; the global headquarters operating leases (1) of payments due by period 4 2013 5 years is $8556; the global headquarters operating leases (1) of payments due by period after 5 years is $49848;,"(in thousands) the global headquarters operating leases (1) of payments due by period total is $68389; the global headquarters operating leases (1) of payments due by period within 1 year is $1429; the global headquarters operating leases (1) of payments due by period 2 2013 3 years is $8556; the global headquarters operating leases (1) of payments due by period 4 2013 5 years is $8556; the global headquarters operating leases (1) of payments due by period after 5 years is $49848; (in thousands) the total contractual obligations of payments due by period total is $144535; the total contractual obligations of payments due by period within 1 year is $27775; the total contractual obligations of payments due by period 2 2013 3 years is $39046; the total contractual obligations of payments due by period 4 2013 5 years is $17585; the total contractual obligations of payments due by period after 5 years is $60129; contractual obligations the company's significant contractual obligations as of december 31, 2013 are summarized below:",ANSS/2013/page_55.pdf,ANSS/2013/page_55.pdf
75,1,what portion of the total capabilities is generated from coal stations for entergy arkansas?,in 2011 what was the percent of the entergy arkansas property and other generation resources generating capacity that was from coal,25.3%,25.3%,company the entergy arkansas of owned and leased capability mw (1) total is 4774; the entergy arkansas of owned and leased capability mw (1) gas/oil is 1668; the entergy arkansas of owned and leased capability mw (1) nuclear is 1823; the entergy arkansas of owned and leased capability mw (1) coal is 1209; the entergy arkansas of owned and leased capability mw (1) hydro is 74;,company the entergy arkansas of owned and leased capability mw (1) total is 4774; the entergy arkansas of owned and leased capability mw (1) gas/oil is 1668; the entergy arkansas of owned and leased capability mw (1) nuclear is 1823; the entergy arkansas of owned and leased capability mw (1) coal is 1209; the entergy arkansas of owned and leased capability mw (1) hydro is 74;,ETR/2011/page_216.pdf,ETR/2011/page_216.pdf
76,0,"what percentage of future minimum operating lease payments for leases with remaining terms greater than one year for each of the years in the five years ending december 31, 2015, and thereafter are due in 2012?",what percentage of total future minimum operating lease payments for leases with remaining terms greater than one year are due in 2010?,17%,14%,2011 the 2012 of $65.1 is 47.6; 2011 the total of $65.1 is $278.6;,2008 the 2010 of 83382 is 35269; 2008 the total of 83382 is $249038;,FIS/2010/page_89.pdf,FIS/2007/page_94.pdf
77,0,in 2008 what was the percent of the total operating revenues that was associated with other revenues,what are the higher charges related to tobacco and health judgments as a percentage of the operating companies income increase?,4.74%,73.1%,millions of dollars the other revenues of 2008 is 852; the other revenues of 2007 is 797; the other revenues of 2006 is 787; the other revenues of % change 2008 v 2007 is 7; the other revenues of % change 2007 v 2006 is 1; millions of dollars the total of 2008 is $17970; the total of 2007 is $16283; the total of 2006 is $15578; the total of % change 2008 v 2007 is 10%; the total of % change 2007 v 2006 is 5%;,"operating companies income increased $119 million (2.1%), due primarily to higher net pricing ($831 million), which includes higher promotional investments, marketing, administration, and research savings reflecting cost reduction initiatives ($198 million) and 2010 implementation costs related to the closure of the cabarrus, north carolina manufacturing facility ($75 million), partially offset by lower volume ($527 million), higher asset impairment and exit costs due primarily to the 2011 cost reduction program ($158 million), higher per unit settlement charges ($120 million), higher charges related to tobacco and health judgments ($87 million) and higher fda user fees ($73 million).",UNP/2008/page_27.pdf,MO/2012/page_44.pdf
78,1,what was the percentage change in rental expense for operating leases from 2008 to 2009?,what was the percentage change in rental expense for operating leases from 2008 to 2009?,17%,17%,"rental expense for operating leases was approximately $57.2 million, $49.0 million and $26.6 million during the years ended december 31, 2009, 2008 and 2007, respectively.","rental expense for operating leases was approximately $66.9 million, $57.2 million and $49.0 million during the years ended december 31, 2010, 2009 and 2008, respectively.",LKQ/2009/page_77.pdf,LKQ/2010/page_84.pdf
79,1,what is the percent of the labor-related deemed claim as part of the total reorganization items net in 2013,what was the percent of the labor-related deemed claim to the total re-organization costs,65.3%,65.3%,the labor-related deemed claim (1) of 2013 is $1733; the total reorganization items net of 2013 is $2655;,the labor-related deemed claim (1) of 2013 is $1733; the total reorganization items net of 2013 is $2655;,AAL/2015/page_74.pdf,AAL/2014/page_80.pdf
80,0,what was the actual change in the unrecognized tax benefits in 2007 based on the reconciliation in millions,"what was the net change in the unrecognized tax benefit from january 1, 2007 to december 31, 2007, in millions?",-17,-18,balance january 1 2007 the balance december 31 2007 of $70 is $53; balance january 1 2007 the balance january 1 2007 of $70 is $70;,balance at january 1 2007 the balance at december 31 2007 of $373 is $355;,L/2007/page_213.pdf,UPS/2007/page_103.pdf
81,0,in the fourth quarter of 2018 what was the percent of the shares bought in december,for the fourth quarter of 2012 what as the percent of the total shares purchased that was bought in december,56.2%,27.7%,2018 period the december 1 2013 31 of total shares purchased (a) is 3458; the december 1 2013 31 of average price paid per share is $119.43; the december 1 2013 31 of total shares purchased as part of publicly announced programs (b) is 3458; the december 1 2013 31 of maximum number of shares that may yet be purchased under the programs (b) is 20714; 2018 period the total of total shares purchased (a) is 6153; the total of average price paid per share is $124.67; the total of total shares purchased as part of publicly announced programs (b) is; the total of maximum number of shares that may yet be purchased under the programs (b) is;,2012 period (a) the december 1 2013 31 of total sharespurchased (b) is 292; the december 1 2013 31 of averagepricepaid pershare is $55.74; the december 1 2013 31 of total sharespurchased aspartofpubliclyannouncedprograms (c) is 251; the december 1 2013 31 of maximumnumber ofshares thatmay yet bepurchasedundertheprograms (c) is 21551; 2012 period (a) the total of total sharespurchased (b) is 1055; the total of averagepricepaid pershare is $55.32; the total of total sharespurchased aspartofpubliclyannouncedprograms (c) is 1001; the total of maximumnumber ofshares thatmay yet bepurchasedundertheprograms (c) is;,PNC/2018/page_45.pdf,PNC/2012/page_46.pdf
82,1,what was the percentage of the total other income in 2007 that was rental income,what percent of total other income was rental income in 2007?,58.6%,59%,millions of dollars the rental income of 2007 is $68; the rental income of 2006 is $83; the rental income of 2005 is $59; millions of dollars the total of 2007 is $116; the total of 2006 is $118; the total of 2005 is $145;,millions of dollars the rental income of 2007 is $68; the rental income of 2006 is $83; the rental income of 2005 is $59; millions of dollars the total of 2007 is $116; the total of 2006 is $118; the total of 2005 is $145;,UNP/2007/page_79.pdf,UNP/2007/page_79.pdf
83,0,what percentage of the 2017 derivative receivable ratings were ratings equivalent to junk bonds?,what percentage of the 2016 ratings profile of derivative receivables had a rating equivalent for junk ratings?,20,20,rating equivalent december 31 (in millions except ratios) the bb+/ba1 to b-/b3 of rating equivalent exposure net of all collateral is 6373; the bb+/ba1 to b-/b3 of rating equivalent % of exposure netof all collateral is 16; the bb+/ba1 to b-/b3 of exposure net of all collateral is 7397; the bb+/ba1 to b-/b3 of % of exposure netof all collateral is 18; rating equivalent december 31 (in millions except ratios) the ccc+/caa1 and below of rating equivalent exposure net of all collateral is 723; the ccc+/caa1 and below of rating equivalent % of exposure netof all collateral is 2; the ccc+/caa1 and below of exposure net of all collateral is 645; the ccc+/caa1 and below of % of exposure netof all collateral is 2;,rating equivalent december 31 (in millions except ratios) the bb+/ba1 to b-/b3 of rating equivalent exposure net of all collateral is 7308; the bb+/ba1 to b-/b3 of rating equivalent % of exposure netof all collateral is 18; the bb+/ba1 to b-/b3 of exposure net of all collateral is 7500; the bb+/ba1 to b-/b3 of % of exposure netof all collateral is 17; rating equivalent december 31 (in millions except ratios) the ccc+/caa1 and below of rating equivalent exposure net of all collateral is 984; the ccc+/caa1 and below of rating equivalent % of exposure netof all collateral is 2; the ccc+/caa1 and below of exposure net of all collateral is 824; the ccc+/caa1 and below of % of exposure netof all collateral is 2;,JPM/2018/page_150.pdf,JPM/2016/page_141.pdf
84,0,"for 2017, what percentage of derivative receivables are rated junk?","for 2016, what percentage of derivative receivables are rated junk?",20,20,rating equivalent december 31 (in millions except ratios) the bb+/ba1 to b-/b3 of rating equivalent exposure net of all collateral is 7397; the bb+/ba1 to b-/b3 of rating equivalent % of exposure netof all collateral is 18; the bb+/ba1 to b-/b3 of exposure net of all collateral is 7308; the bb+/ba1 to b-/b3 of % of exposure netof all collateral is 18; rating equivalent december 31 (in millions except ratios) the ccc+/caa1 and below of rating equivalent exposure net of all collateral is 645; the ccc+/caa1 and below of rating equivalent % of exposure netof all collateral is 2; the ccc+/caa1 and below of exposure net of all collateral is 984; the ccc+/caa1 and below of % of exposure netof all collateral is 2;,rating equivalent december 31 (in millions except ratios) the bb+/ba1 to b-/b3 of rating equivalent exposure net of all collateral is 7397; the bb+/ba1 to b-/b3 of rating equivalent % of exposure netof all collateral is 18; the bb+/ba1 to b-/b3 of exposure net of all collateral is 7308; the bb+/ba1 to b-/b3 of % of exposure netof all collateral is 18; rating equivalent december 31 (in millions except ratios) the ccc+/caa1 and below of rating equivalent exposure net of all collateral is 645; the ccc+/caa1 and below of rating equivalent % of exposure netof all collateral is 2; the ccc+/caa1 and below of exposure net of all collateral is 984; the ccc+/caa1 and below of % of exposure netof all collateral is 2;,JPM/2017/page_145.pdf,JPM/2017/page_145.pdf
85,1,what portion of the change in net income during 2016 was related the irs audit?,"in 2016, what percent of the increase in net income is from the decrease of tax?",77.6%,77.95%,"entergy louisiana, llc and subsidiaries management 2019s financial discussion and analysis results of operations net income 2016 compared to 2015 net income increased $175.4 million primarily due to the effect of a settlement with the irs related to the 2010-2011 irs audit, which resulted in a $136.1 million reduction of income tax expense.","2016 compared to 2015 net income increased $175.4 million primarily due to the effect of a settlement with the irs related to the 2010-2011 irs audit, which resulted in a $136.1 million reduction of income tax expense in 2016.",ETR/2016/page_342.pdf,ETR/2017/page_342.pdf
86,1,what was the percentage change in net sales between 2003 and 2004?,by what percent did net sales increase from 2003 to 2004?,9%,8.9%,(in millions) the net sales of 2004 is $1890.1; the net sales of 2003 is $1735.5; the net sales of change is $154.6;,(in millions) the net sales of 2004 is $1890.1; the net sales of 2003 is $1735.5; the net sales of change is $154.6;,PKG/2004/page_21.pdf,PKG/2004/page_21.pdf
87,0,"what would operating cash flow have been in 2010 without the changed accounting standards for the receivables securitization facility, in us$ million?",what was the change in millions of cash provided by operating activities from 2010 to 2011?,4505,1768,"cash flowsmillions the cash provided by operating activities of 2011 is $5873; the cash provided by operating activities of 2010 is $4105; the cash provided by operating activities of 2009 is $3204; in addition, the adoption of a new accounting standard in january of 2010 changed the accounting treatment for our receivables securitization facility from a sale of undivided interests (recorded as an operating activity) to a secured borrowing (recorded as a financing activity), which decreased cash provided by operating activities by $400 million in 2010.",cash flowsmillions the cash provided by operating activities of 2012 is $6161; the cash provided by operating activities of 2011 is $5873; the cash provided by operating activities of 2010 is $4105;,UNP/2011/page_35.pdf,UNP/2012/page_34.pdf
88,1,what was the total operating expenses in 2018 in millions,what were total operating expenses in 2018?,41932,41932,year the 2018 of gallons is 4447; the 2018 of average priceper gallon is $2.23; the 2018 of aircraft fuelexpense is $9896; the 2018 of percent of totaloperating expenses is 23.6%;,year the 2018 of gallons is 4447; the 2018 of average priceper gallon is $2.23; the 2018 of aircraft fuelexpense is $9896; the 2018 of percent of totaloperating expenses is 23.6%;,AAL/2018/page_13.pdf,AAL/2018/page_13.pdf
89,0,what percent of the ratings profile of derivative receivables were junk rated in 2014?,"for 2016, what percentage of derivative receivables are rated junk?",12,20,rating equivalent december 31 (in millions except ratios) the bb+/ba1 to b-/b3 of rating equivalent exposure net of all collateral is 6384; the bb+/ba1 to b-/b3 of rating equivalent % of exposure net of all collateral is 11; the bb+/ba1 to b-/b3 of exposure net of all collateral is 6806; the bb+/ba1 to b-/b3 of % of exposure net of all collateral is 13; rating equivalent december 31 (in millions except ratios) the ccc+/caa1 and below of rating equivalent exposure net of all collateral is 837; the ccc+/caa1 and below of rating equivalent % of exposure net of all collateral is 1; the ccc+/caa1 and below of exposure net of all collateral is 3415; the ccc+/caa1 and below of % of exposure net of all collateral is 7;,rating equivalent december 31 (in millions except ratios) the bb+/ba1 to b-/b3 of rating equivalent exposure net of all collateral is 7397; the bb+/ba1 to b-/b3 of rating equivalent % of exposure netof all collateral is 18; the bb+/ba1 to b-/b3 of exposure net of all collateral is 7308; the bb+/ba1 to b-/b3 of % of exposure netof all collateral is 18; rating equivalent december 31 (in millions except ratios) the ccc+/caa1 and below of rating equivalent exposure net of all collateral is 645; the ccc+/caa1 and below of rating equivalent % of exposure netof all collateral is 2; the ccc+/caa1 and below of exposure net of all collateral is 984; the ccc+/caa1 and below of % of exposure netof all collateral is 2;,JPM/2014/page_128.pdf,JPM/2017/page_145.pdf
90,1,"what was the percentage reduction in the share repurchase program, from 2005 to 2006?",what is the percentage reduction in the spending on the share repurchase program in 2006 compared to 2005?\\n,87.2%,87.2%,"the company reduced its share repurchase program in 2006 to $45.7 million, net of issuances, compared to $358.1 million net repurchases in 2005 and $50 million in 2004.","we reduced our share repurchase program in 2006 to $45.7 million, net of issuances, compared to $358.1 million net repurchases in 2005 and $50 million in 2004.",BLL/2006/page_89.pdf,BLL/2006/page_47.pdf
91,0,what was the percentage change in rental expense for operating leases from 2007 to 2008?,what was the percentage change in rental expense for operating leases from 2009 to 2010?,84%,17%,"rental expense for operating leases was approximately $57.2 million, $49.0 million and $26.6 million during the years ended december 31, 2009, 2008 and 2007, respectively.","rental expense for operating leases was approximately $66.9 million, $57.2 million and $49.0 million during the years ended december 31, 2010, 2009 and 2008, respectively.",LKQ/2009/page_77.pdf,LKQ/2010/page_84.pdf
92,1,what is the net change amount in the unrecognized tax benefits during 2012?,what is the net change in unrecognized tax benefits in 2012?,-4.2,-4.2,(amounts in millions) the unrecognized tax benefits at beginning of year of 2013 is $6.8; the unrecognized tax benefits at beginning of year of 2012 is $11.0; the unrecognized tax benefits at beginning of year of 2011 is $11.1; (amounts in millions) the unrecognized tax benefits at end of year of 2013 is $4.6; the unrecognized tax benefits at end of year of 2012 is $6.8; the unrecognized tax benefits at end of year of 2011 is $11.0;,(amounts in millions) the unrecognized tax benefits at beginning of year of 2012 is $11.0; the unrecognized tax benefits at beginning of year of 2011 is $11.1; the unrecognized tax benefits at beginning of year of 2010 is $17.5; (amounts in millions) the unrecognized tax benefits at end of year of 2012 is $6.8; the unrecognized tax benefits at end of year of 2011 is $11.0; the unrecognized tax benefits at end of year of 2010 is $11.1;,SNA/2013/page_93.pdf,SNA/2012/page_93.pdf
93,1,what was average weighted average useful life (years) for customer contracts and relationships and trademarks?,what is the average weighted average useful life (years) for trademarks and customer contracts and relationships?,8.5,8.5,the customer contracts and relationships of weighted averageuseful life (years) is 10; the trademarks of weighted averageuseful life (years) is 7;,the trademarks of weighted average useful life (years) is 7; the customer contracts and relationships of weighted average useful life (years) is 10;,ADBE/2011/page_83.pdf,ADBE/2009/page_81.pdf
94,1,what portion of future principal payments are due in 2009?,in 2008 what was the percent of the total future principal payments on the company 2019s outstanding debt that was due in 2009,48.1%,48%,fiscal the 2009 of (in millions) is 52; fiscal the total of (in millions) is $108;,fiscal the 2009 of (in millions) is 52; fiscal the total of (in millions) is $108;,V/2008/page_149.pdf,V/2008/page_149.pdf
95,0,was the c series 2008 annual return greater than the s&p 500?,"after 4 years, did the series c outperform the s&p 500?",yes,yes,the disck of september 18 2008 is $100.00; the disck of september 30 2008 is $88.50; the disck of december 31 2008 is $83.69; the s&p 500 of september 18 2008 is $100.00; the s&p 500 of september 30 2008 is $96.54; the s&p 500 of december 31 2008 is $74.86;,the disck of december 312009 is $100.00; the disck of december 312010 is $138.35; the disck of december 312011 is $142.16; the disck of december 312012 is $220.59; the disck of december 312013 is $316.21; the disck of december 312014 is $254.30; the s&p 500 of december 312009 is $100.00; the s&p 500 of december 312010 is $112.78; the s&p 500 of december 312011 is $112.78; the s&p 500 of december 312012 is $127.90; the s&p 500 of december 312013 is $165.76; the s&p 500 of december 312014 is $184.64;,DISCA/2008/page_141.pdf,DISCA/2014/page_64.pdf
96,0,in 2011 what was the percent of risk solutions revenues to the total revenues of aons,what was the percent of the increase in the aons revenues for risk solutions from 2010 to 2011,60.3%,6.1%,years ended december 31 the risk solutions of 2011 is $6817; the risk solutions of 2010 is $6423; the risk solutions of 2009 is $6305; years ended december 31 the total revenue of 2011 is $11287; the total revenue of 2010 is $8512; the total revenue of 2009 is $7595;,years ended december 31 the risk solutions of 2011 is $6817; the risk solutions of 2010 is $6423; the risk solutions of 2009 is $6305;,AON/2011/page_134.pdf,AON/2011/page_134.pdf
97,0,what was the percent of the processing fees and expenses associated with the loan facility pen in may 2004,in november 2015 what was the percent of the costs associated with issuing of the notes under the 364-day facility used to finance the acquisition,2.3%,0.69%,"at closing, we received $685.5 million of net proceeds from the borrowings under the new facility, after deducting related expenses and fees, approximately $670.0 million of which we used to repay principal and interest under the previous credit facility.",we also incurred approximately $48 million in costs associated with issuing the $7.0 billion november 2015 notes used to repay all outstanding borrowings under the 364-day facility used to finance the acquisition.,AMT/2004/page_46.pdf,LMT/2015/page_89.pdf
98,1,following the adoption of the new guidence on the other-than-temporary impairments on investment securities what was the tax rate on the gross cumulative-effect adjustment,what percent of their cumulative-effect adjustment gross was tax?,12.7%,12.7%,cumulative-effect adjustment gross the tax of $65658 is -8346;,cumulative-effect adjustment gross the tax of $65658 is -8346; cumulative-effect adjustment gross the cumulative-effect adjustment net of $65658 is $57312; this guidance had no impact on how the company records its derivatives.,RE/2010/page_120.pdf,RE/2010/page_120.pdf
99,0,what is the growth rate of net debt to net capital ratio from 2008 to 2009?,what is the growth rate of debt to capital ratio from 2006 to 2007?,-3.8%,10.1%,the net debt to net capital at the end of the year of 2009 is 53.5%; the net debt to net capital at the end of the year of 2008 is 55.6%; the net debt to net capital at the end of the year of 2007 is 54.7%;,the net debt to net capital at the end of the year of 2007 is 54.6%; the net debt to net capital at the end of the year of 2006 is 49.4%; the net debt to net capital at the end of the year of 2005 is 51.5%; the debt to capital at the end of the year of 2007 is 57.6%; the debt to capital at the end of the year of 2006 is 52.3%; the debt to capital at the end of the year of 2005 is 53.1%;,ETR/2009/page_24.pdf,ETR/2007/page_36.pdf
100,1,what is the average yearly amortization rate related to purchased technology?,what is the yearly amortization rate related to the purchased technology?,16.7%,16.7%,the purchased technology of weighted averageuseful life (years) is 6;,the purchased technology of weighted averageuseful life (years) is 6;,ADBE/2011/page_83.pdf,ADBE/2014/page_70.pdf
101,0,what is the difference in percentage cumulative total return between apple inc. and the s&p 500 index for the five year period ended september 2018?,what was the difference in percentage of cumulative total shareholder return for the five year period ended september 2014 between apple inc. and the s&p 500 index?,167%,200%,the apple inc. of september2013 is $100; the apple inc. of september2014 is $149; the apple inc. of september2015 is $173; the apple inc. of september2016 is $174; the apple inc. of september2017 is $242; the apple inc. of september2018 is $359; the s&p 500 index of september2013 is $100; the s&p 500 index of september2014 is $120; the s&p 500 index of september2015 is $119; the s&p 500 index of september2016 is $137; the s&p 500 index of september2017 is $163; the s&p 500 index of september2018 is $192;,the apple inc. of september 2009 is $100; the apple inc. of september 2010 is $160; the apple inc. of september 2011 is $222; the apple inc. of september 2012 is $367; the apple inc. of september 2013 is $272; the apple inc. of september 2014 is $407; the s&p 500 index of september 2009 is $100; the s&p 500 index of september 2010 is $110; the s&p 500 index of september 2011 is $111; the s&p 500 index of september 2012 is $145; the s&p 500 index of september 2013 is $173; the s&p 500 index of september 2014 is $207;,AAPL/2018/page_23.pdf,AAPL/2014/page_26.pdf
102,0,what portion of the equity compensation plan approved by security holders remains available for future issuance?,what portion of the equity compensation plan approved by security holders is to be issued upon the exercise of the outstanding options warrants and rights?,48.5%,51.5%,plan category the equity compensation plans approved by security holders of number of securities to be issued upon exercise of outstanding options warrants and rights (1) (a) (b) is 2956907; the equity compensation plans approved by security holders of weighted-average exercise price of outstanding optionswarrants and rights (2) is $35.01; the equity compensation plans approved by security holders of number of securities remaining available for future issuance under equity compensation plans ( excluding securitiesreflected in column (a) ) (c) is 2786760;,plan category the equity compensation plans approved by security holders of number of securities to be issued upon exercise of outstanding options warrants and rights (1) (a) (b) is 2956907; the equity compensation plans approved by security holders of weighted-average exercise price of outstanding optionswarrants and rights (2) is $35.01; the equity compensation plans approved by security holders of number of securities remaining available for future issuance under equity compensation plans ( excluding securitiesreflected in column (a) ) (c) is 2786760;,HII/2013/page_127.pdf,HII/2013/page_127.pdf
103,0,what was the percent of the total contractual payment obligations that was associated with operating lease obligations,what is the percent of the operating leases that are due in less than year to the total leases.,20.2%,14%,obligation the operating lease obligations of payments due by period total is 37788; the operating lease obligations of payments due by period less than 1year is 8247; the operating lease obligations of payments due by period 1-3 years is 13819; the operating lease obligations of payments due by period 3-5 years is 9780; the operating lease obligations of payments due by period thereafter is 5942; obligation the total (5) of payments due by period total is $186792; the total (5) of payments due by period less than 1year is $122963; the total (5) of payments due by period 1-3 years is $17360; the total (5) of payments due by period 3-5 years is $9926; the total (5) of payments due by period thereafter is $36543;,contractual obligation the operating leases of payments due by period total is $37899; the operating leases of payments due by period less than 1 year is $5320; the operating leases of payments due by period 1 2013 3 years is $10410; the operating leases of payments due by period 1 2013 5 years is $9371; the operating leases of payments due by period more than 5 years is $12798;,SWKS/2011/page_82.pdf,ILMN/2006/page_57.pdf
104,1,what is the percentage change in total dividends paid per share from 2017 to 2018?,what was the percentage increase in the dividends paid per share for the year from 2007 to 2008,9.9%,9.9%,quarter the year of dividends paid per share 2018 is $8.20; the year of dividends paid per share 2017 is $7.46;,quarter the year of dividends paid per share 2018 is $8.20; the year of dividends paid per share 2017 is $7.46;,LMT/2018/page_29.pdf,LMT/2018/page_29.pdf
105,1,as part of the following purchase of 161 acres of undeveloped land and a 12-acre container storage facility in houstonwhat was the percent of the total purchase price allocated to in-service real estate assets,of the december 2007 property purchase what was the percent of assets allocated to allocated to in-service real estate assets,71.5%,71.5%,"as approximately 161 acres of undeveloped land and a 12-acre container storage facility in houston. the total price was $89.7 million and was financed in part through assumption of secured debt that had a fair value of $34.3 million. of the total purchase price, $64.1 million was allocated to in-service real estate assets, $20.0 million was allocated to undeveloped land and the container storage facility, $5.4 million was allocated to lease related intangible assets, and the remaining amount was allocated to acquired working capital related assets and liabilities.","the total price was $89.7 million and was financed in part through assumption of secured debt that had a fair value of $34.3 million. of the total purchase price, $64.1 million was allocated to in-service real estate assets, $20.0 million was allocated to undeveloped land and the container storage facility, $5.4 million was allocated to lease related intangible assets, and the remaining amount was allocated to acquired working capital related assets and liabilities.",DRE/2008/page_49.pdf,DRE/2009/page_60.pdf
106,0,what is the change in millions of qualified defined benefit pension plans expected to be paid out between 2016 to 2017?,what is the change in millions of qualified defined benefit pension plans expected payments from 2019 to 2020?,80,80,the qualified defined benefit pension plans of 2016 is $2160; the qualified defined benefit pension plans of 2017 is $2240; the qualified defined benefit pension plans of 2018 is $2320; the qualified defined benefit pension plans of 2019 is $2410; the qualified defined benefit pension plans of 2020 is $2500; the qualified defined benefit pension plans of 2021 - 2025 is $13670;,the qualified defined benefit pension plans of 2018 is $2450; the qualified defined benefit pension plans of 2019 is $2480; the qualified defined benefit pension plans of 2020 is $2560; the qualified defined benefit pension plans of 2021 is $2630; the qualified defined benefit pension plans of 2022 is $2700; the qualified defined benefit pension plans of 2023 2013 2027 is $14200;,LMT/2015/page_106.pdf,LMT/2017/page_101.pdf
107,1,what is the percent increase in net cash provided by operating activities from 2015 to 2016?,what was the percentage change in the net cash provided by operating activities in 2016,80.67%,80.6%,"(in millions) the net cash provided by operating activities of year ended december 31, 2016 is $860; the net cash provided by operating activities of year ended december 31, 2015 is $476; the net cash provided by operating activities of year ended december 31, 2014 is $433; we used the proceeds from the term loan under the receivables financing facility to repay in full the amount outstanding on the then outstanding revolving credit facility under its then outstanding senior secured credit agreement ($150 million), to repay $25 million of the then outstanding term loan b-3, to pay related fees and expenses and the remainder was used for general working capital purposes. 2016 compared to 2015 cash provided by operating activities increased $384 million in 2016 as compared to 2015.","(in millions) the net cash provided by operating activities of year ended december 31, 2016 is $860; the net cash provided by operating activities of year ended december 31, 2015 is $476; the net cash provided by operating activities of year ended december 31, 2014 is $433; 2016 compared to 2015 cash provided by operating activities increased $384 million in 2016 as compared to 2015.",IQV/2016/page_79.pdf,IQV/2016/page_79.pdf
108,1,what was the percent of the change in the weighted average grant date fair value per share of restricted stock from 2016 to 2017,what was the percent of the change in the weighted average grant date fair value per share of restricted stock awards granted from 2016 to 2017,15.5%,15.5%,"maa presents stock compensation expense in the consolidated statements of operations in ""general and administrative expenses"". the weighted average grant date fair value per share of restricted stock awards granted during the years ended december 31, 2017, 2016 and 2015, was $84.53, $73.20 and $68.35, respectively.","incentives are currently granted under the second amended and restated 2013 stock incentive plan, or the stock plan, which was approved at the 2018 annual meeting of maa shareholders. the weighted average grant date fair value per share of restricted stock awards granted during the years ended december 31, 2018, 2017 and 2016, was $71.85, $84.53 and $73.20, respectively.",MAA/2017/page_89.pdf,MAA/2018/page_88.pdf
109,0,what was the five year percentage return on ball corporation stock?,"what was the five year return on ball corporation stock, in dollars per share?",171%,70.70,the ball corporation of 12/31/2006 is $100.00; the ball corporation of 12/31/2007 is $104.05; the ball corporation of 12/31/2008 is $97.04; the ball corporation of 12/31/2009 is $121.73; the ball corporation of 12/31/2010 is $161.39; the ball corporation of 12/31/2011 is $170.70;,the ball corporation of 12/31/2006 is $100.00; the ball corporation of 12/31/2007 is $104.05; the ball corporation of 12/31/2008 is $97.04; the ball corporation of 12/31/2009 is $121.73; the ball corporation of 12/31/2010 is $161.39; the ball corporation of 12/31/2011 is $170.70;,BLL/2011/page_29.pdf,BLL/2011/page_29.pdf
110,0,by what percent did the balance of deferred tax assets increase between 2016 and 2018?,in 2018 what was the percentage change in the valuation allowances against deferred tax assets,29.46%,4.7%,these valuation allowances have been recorded due to uncertainty regarding our ability to generate sufficient taxable income in the appropriate taxing jurisdiction. the balance at end of fiscal year of 2018 is $229.4; the balance at end of fiscal year of 2017 is $219.1; the balance at end of fiscal year of 2016 is $177.2;,the balance at end of fiscal year of 2018 is $229.4; the balance at end of fiscal year of 2017 is $219.1; the balance at end of fiscal year of 2016 is $177.2;,WRK/2018/page_106.pdf,WRK/2018/page_106.pdf
111,0,what is the net change in the balance of allowance for doubtful accounts during 2016?,what is the net increase in the balance of allowance for doubtful accounts receivable during 2015?,-7,2857,(millions) the beginning balance of 2016 is $75; the beginning balance of 2015 is $77; the beginning balance of 2014 is $81; (millions) the ending balance of 2016 is $68; the ending balance of 2015 is $75; the ending balance of 2014 is $77;,allowance for doubtful accounts receivable: the january 3 2015 of balance atbeginningof period is $13295; the january 3 2015 of charges toexpenses is $17182; the january 3 2015 of deductions is $-14325; the january 3 2015 of is -1; the january 3 2015 of balance atend ofperiod is $16152; allowance for doubtful accounts receivable: the january 2 2016 of balance atbeginningof period is 16152; the january 2 2016 of charges toexpenses is 22067; the january 2 2016 of deductions is -12461; the january 2 2016 of is -1; the january 2 2016 of balance atend ofperiod is 25758;,ECL/2016/page_64.pdf,AAP/2016/page_96.pdf
112,0,what was the percentage of the total number of shares purchased in october,what percentage of total shares repurchased were purchased in october?,68.6%,59%,the october 1 - 31 of total number ofshares (or units) purchased1 is 3824; the october 1 - 31 of average price paidper share (or unit) 2 is $23.30; the october 1 - 31 of total number ofshares (or units) purchased as part ofpublicly announcedplans or programs3 is 2014; the october 1 - 31 of maximum number (orapproximate dollar value) of shares (or units) that may yet be purchasedunder the plans orprograms3 is $338421933; the total of total number ofshares (or units) purchased1 is 5574; the total of average price paidper share (or unit) 2 is $23.45; the total of total number ofshares (or units) purchased as part ofpublicly announcedplans or programs3 is 2014; the total of maximum number (orapproximate dollar value) of shares (or units) that may yet be purchasedunder the plans orprograms3 is;,period the october 1 2013 october 31 of total number of shares purchased (2) is 3228557; the october 1 2013 october 31 of average price paid per share is $58.52; the october 1 2013 october 31 of total number of shares purchased as part ofpublicly announced plans or programs (1) is 3227800; the october 1 2013 october 31 of maximum dollar value of shares that may yetbe purchased under the plans or programs (1) (in millions) is $108; period the total of total number of shares purchased (2) is 5518236; the total of average price paid per share is $61.64; the total of total number of shares purchased as part ofpublicly announced plans or programs (1) is 4845910; the total of maximum dollar value of shares that may yetbe purchased under the plans or programs (1) (in millions) is;,IPG/2018/page_26.pdf,DVN/2011/page_26.pdf
113,0,what was percent of the remaining authorization to repurchase of the 2007 authorized the purchase at december 2010,what was the percent of the remaining authorization to repurchase of the 2007 authorized the purchase at december 2013,54%,45.2%,"in july 2007, our board of directors authorized the purchase of up to 50 million shares of our common stock in open-market transactions or otherwise. at december 31, 2010, we had remaining authorization to repurchase up to 27 million shares.","in july 2007, our board of directors authorized the purchase of up to 50 million shares of our common stock in open-market transactions or otherwise. at december 31, 2013, we had remaining authorization to repurchase up to 22.6 million shares.",MAS/2010/page_29.pdf,MAS/2013/page_27.pdf
114,0,what was the ratio of the increase in the net income in 2011 compared to 2010,what was the ratio of the net income increase in 2010 to the decrease in 2011,3.9,13.7,"results of operations net income 2011 compared to 2010 net income increased $23.4 million primarily due to a lower effective income tax rate. 2010 compared to 2009 net income increased $6.0 million primarily due to higher net revenue and higher other income, partially offset by higher taxes other than income taxes, higher depreciation and amortization expenses, and higher interest expense.","results of operations net income 2011 compared to 2010 net income decreased $7.7 million primarily due to a higher effective income tax rate, lower other income, and higher other operation and maintenance expenses, substantially offset by higher net revenue, lower depreciation and amortization expenses, and lower interest expense. 2010 compared to 2009 net income increased $105.7 million primarily due to higher net revenue, a lower effective income tax rate, higher other income, and lower depreciation and amortization expenses, partially offset by higher other operation and maintenance expenses.",ETR/2011/page_340.pdf,ETR/2011/page_273.pdf
115,0,for how many years will entergy corporation run the indian point 3 power plant?,for how many years will entergy corporation run the indian point 2 power plant?,34,15,power plant the indian point 3 (c) of market is nyiso; the indian point 3 (c) of in service year is 1976; the indian point 3 (c) of acquired is nov. 2000; the indian point 3 (c) of location is buchanan ny; the indian point 3 (c) of capacity - reactor type is 1041 mw - pressurized water; the indian point 3 (c) of license expiration date is 2015 (c); power plant the fitzpatrick (b) of market is nyiso; the fitzpatrick (b) of in service year is 1975; the fitzpatrick (b) of acquired is nov. 2000; the fitzpatrick (b) of location is oswego ny; the fitzpatrick (b) of capacity - reactor type is 838 mw - boiling water; the fitzpatrick (b) of license expiration date is 2034 (b);,power plant the indian point 2 (c) of market is nyiso; the indian point 2 (c) of in service year is 1974; the indian point 2 (c) of acquired is sept. 2001; the indian point 2 (c) of location is buchanan ny; the indian point 2 (c) of capacity - reactor type is 1028 mw - pressurized water; the indian point 2 (c) of license expiration date is 2013 (c); power plant the indian point 3 (c) of market is nyiso; the indian point 3 (c) of in service year is 1976; the indian point 3 (c) of acquired is nov. 2000; the indian point 3 (c) of location is buchanan ny; the indian point 3 (c) of capacity - reactor type is 1041 mw - pressurized water; the indian point 3 (c) of license expiration date is 2015 (c);,ETR/2016/page_267.pdf,ETR/2016/page_267.pdf
116,0,"what percentage of wholesale doors as of april 1, 2017 where in the asia segment?","what percentage of doors in the wholesale segment as of march 30, 2013 where in the asia geography?",1%,1%,the asia of doors is 187; the total of doors is 13337;,location the asia of number ofdoors is 78; location the total of number ofdoors is 10625;,RL/2017/page_9.pdf,RL/2013/page_13.pdf
117,0,"were total deposits at december 31, 2018 greater than total senior and subordinated debt?","at december 31, 2018, were securities available for sale greater than total senior and subordinated debt?",yes,yes,"in billions the december 31 of 2018 is $30.9; the second is the potential inability to operate our businesses because adequate contingent liquidity is not available. total deposits increased to $267.8 billion at december 31, 2018 from $265.1 billion at december 31, 2017 driven by growth in interest-bearing deposits partially offset by a decrease in noninterest-bearing deposits.","in billions the december 31 of 2018 is $30.9; in addition, management performs a set of liquidity stress tests over multiple time horizons with varying levels of severity and maintains a contingency funding plan to address a potential liquidity stress event. at december 31, 2018, our liquid assets consisted of short-term investments (federal funds sold, resale agreements, trading securities and interest-earning deposits with banks) totaling $22.1 billion and securities available for sale totaling $63.4 billion.",PNC/2018/page_81.pdf,PNC/2018/page_81.pdf
118,0,is 2014 operating cash flow sufficient to satisfy budgeted 2015 capital expenditures?,"in 2012, are the planned capital expenditures greater than free cash flow in 2011?",yes,yes,"millions the cash provided by operating activities of 2014 is $7385; the cash provided by operating activities of 2013 is $6823; the cash provided by operating activities of 2012 is $6161; f0b7 capital plan 2013 in 2015, we expect our capital plan to be approximately $4.3 billion, including expenditures for ptc and 218 locomotives.","f0b7 capital plan 2013 in 2012, we plan to make total capital investments of approximately $3.6 billion, including expenditures for positive train control (ptc), which may be revised if business conditions warrant or if new laws or regulations affect our ability to generate sufficient returns on these investments. f0b7 free cash flow 2013 cash generated by operating activities totaled $5.9 billion, yielding record free cash flow of $1.9 billion in 2011.",UNP/2014/page_24.pdf,UNP/2011/page_24.pdf
119,0,"considering the year 2007, how many shares belonged to the shareholders?","as of september 30, 2009, what percentage of trust-held shares represented directors' compensation?",216708,5%,"on august 1, 2007 the board of directors declared a dividend of $0.75 per share to be paid on september 14, 2007 to shareholders of record on august 15, 2007. the company paid out a dividend in the amount of $162531.","as of september 30, 2009, 86643 shares were held in trust, of which 4356 shares represented directors 2019 compensation in 2009, in accordance with the provisions of the plan.",GRMN/2008/page_84.pdf,BDX/2009/page_81.pdf
120,1,what was the percentage change of the net cash provided by (used in) operating activities from 2010 to 2011,what is the percentage change in net cash from operating activities from 2010 to 2011?,47.1%,47.1%,"the increase of $169 million was due principally to increased earnings net of impairment charges and lower pension contributions, offset by an increase in trade working capital. ($ in millions) the net cash provided by (used in) operating activities of year ended december 31 2011 is $528; the net cash provided by (used in) operating activities of year ended december 31 2010 is $359; the net cash provided by (used in) operating activities of year ended december 31 2009 is $-88;",($ in millions) the net cash provided by (used in) operating activities of year ended december 31 2011 is $528; the net cash provided by (used in) operating activities of year ended december 31 2010 is $359; the net cash provided by (used in) operating activities of year ended december 31 2009 is $-88;,HII/2011/page_69.pdf,HII/2011/page_69.pdf
121,0,what is the net change in the balance of reinsurance receivables and premium receivables from 2013 to 2014?,what is the net change in the balance of reinsurance receivables and premium receivables from 2014 to 2015?,-408,-6619,"(dollars in thousands) the reinsurance receivables and premium receivables of years ended december 31, 2014 is $29497; the reinsurance receivables and premium receivables of years ended december 31, 2013 is $29905;","(dollars in thousands) the reinsurance receivables and premium receivables of years ended december 31, 2015 is $22878; the reinsurance receivables and premium receivables of years ended december 31, 2014 is $29497;",RE/2014/page_106.pdf,RE/2015/page_110.pdf
122,0,what portion of the total number of issues securities is approved by security holders?,what portion of the total number of issues securities is approved by the security holders?,81.6%,84.3%,plan category the equity compensation plans approved by security holders (1) of number of securities to be issued upon exerciseof outstanding options warrants and rights (a) is 3841008; the equity compensation plans approved by security holders (1) of weighted-average exercise price of outstanding options warrants and rights (b) is $7.84; the equity compensation plans approved by security holders (1) of number of securities remaining available for future issuance under equitycompensation plans ( excluding securities reflected in column (a) ) (c) is 1016520; plan category the total of number of securities to be issued upon exerciseof outstanding options warrants and rights (a) is 4704612; the total of weighted-average exercise price of outstanding options warrants and rights (b) is $7.58; the total of number of securities remaining available for future issuance under equitycompensation plans ( excluding securities reflected in column (a) ) (c) is 1016520;,plan category the equity compensation plans approved by securityholders (1) of number of securities to beissued upon exercise of outstanding options warrants and rights (a) is 5802673; the equity compensation plans approved by securityholders (1) of weighted-average exercise price of outstanding options warrants and rights (b) is $85.82; the equity compensation plans approved by securityholders (1) of number of securities remaining availablefor future issuance under equity compensation plans ( excluding securities reflected in column (a) ) (c) is 6216471; plan category the equity compensation plans not approved bysecurity holders (2) of number of securities to beissued upon exercise of outstanding options warrants and rights (a) is 1082347; the equity compensation plans not approved bysecurity holders (2) of weighted-average exercise price of outstanding options warrants and rights (b) is 2014; the equity compensation plans not approved bysecurity holders (2) of number of securities remaining availablefor future issuance under equity compensation plans ( excluding securities reflected in column (a) ) (c) is 2481032; plan category the total of number of securities to beissued upon exercise of outstanding options warrants and rights (a) is 6885020; the total of weighted-average exercise price of outstanding options warrants and rights (b) is $85.82; the total of number of securities remaining availablefor future issuance under equity compensation plans ( excluding securities reflected in column (a) ) (c) is 8697503;,HOLX/2005/page_61.pdf,LMT/2016/page_117.pdf
123,0,what is the rate of return of an investment in cadence design systems inc from 2001 to 2004?,what is the rate of return in cadence design systems inc. of an investment from 2010 to 2011?,-18.5%,37.9%,the s & p 500 of december 29 2001 is 100.00; the s & p 500 of december 28 2002 is 77.90; the s & p 500 of january 3 2004 is 100.24; the s & p 500 of january 1 2005 is 111.15; the s & p 500 of december 31 2005 is 116.61; the s & p 500 of december 30 2006 is 135.03; the cadence design systems inc. of december 29 2001 is 100.00; the cadence design systems inc. of december 28 2002 is 54.38; the cadence design systems inc. of january 3 2004 is 81.52; the cadence design systems inc. of january 1 2005 is 61.65; the cadence design systems inc. of december 31 2005 is 75.54; the cadence design systems inc. of december 30 2006 is 79.96;,the cadence design systems inc. of 1/2/2010 is 100.00; the cadence design systems inc. of 1/1/2011 is 137.90; the cadence design systems inc. of 12/31/2011 is 173.62; the cadence design systems inc. of 12/29/2012 is 224.37; the cadence design systems inc. of 12/28/2013 is 232.55; the cadence design systems inc. of 1/3/2015 is 314.36;,CDNS/2006/page_30.pdf,CDNS/2015/page_30.pdf
124,1,"what was the total occupancy and facility costs together with depreciation expense in 2007, in millions of dollars?","what were the total occupancy and facility costs in 2007, in millions of dollars?",150,150,"the significant declines in fair value below cost that occurred in 2008 were generally attributable to the adverse and ongoing market conditions discussed in the background section on page 18 of this report. occupancy and facility costs together with depreciation expense increased $18 million, or 12% compared to 2007.","occupancy and facility costs together with depreciation expense increased $18 million, or 12% compared to 2007.",TROW/2008/page_23.pdf,TROW/2009/page_24.pdf
125,0,what percentage of total minimum lease payments are operating leases leases?,what percentage of total minimum lease payments are capital leases?,68%,29%,millions the total minimum lease payments of operatingleases is $3430; the total minimum lease payments of capitalleases is $1587;,millions the total minimum lease payments of operatingleases is $2649; the total minimum lease payments of capitalleases is $1079;,UNP/2015/page_80.pdf,UNP/2017/page_74.pdf
126,1,what was the percentage of the change in the employee matching contributions from 2017 to 2018,what is the percentage change in 401 (k) contributions from 2017 to 2018?,7.34%,7.3%,"our contributions were $658 million in 2018, $613 million in 2017 and $617 million in 2016, the majority of which were funded using our common stock.","our contributions were $658 million in 2018, $613 million in 2017 and $617 million in 2016, the majority of which were funded using our common stock.",LMT/2018/page_104.pdf,LMT/2018/page_104.pdf
127,0,what percent of the ratings profile of derivative receivables were junk rated in 2013?,what percentage of the 2016 ratings profile of derivative receivables had a rating equivalent for junk ratings?,20,20,rating equivalent december 31 (in millions except ratios) the bb+/ba1 to b-/b3 of rating equivalent exposure net of all collateral is 6384; the bb+/ba1 to b-/b3 of rating equivalent % of exposure net of all collateral is 11; the bb+/ba1 to b-/b3 of exposure net of all collateral is 6806; the bb+/ba1 to b-/b3 of % of exposure net of all collateral is 13; rating equivalent december 31 (in millions except ratios) the ccc+/caa1 and below of rating equivalent exposure net of all collateral is 837; the ccc+/caa1 and below of rating equivalent % of exposure net of all collateral is 1; the ccc+/caa1 and below of exposure net of all collateral is 3415; the ccc+/caa1 and below of % of exposure net of all collateral is 7;,rating equivalent december 31 (in millions except ratios) the bb+/ba1 to b-/b3 of rating equivalent exposure net of all collateral is 7308; the bb+/ba1 to b-/b3 of rating equivalent % of exposure netof all collateral is 18; the bb+/ba1 to b-/b3 of exposure net of all collateral is 7500; the bb+/ba1 to b-/b3 of % of exposure netof all collateral is 17; rating equivalent december 31 (in millions except ratios) the ccc+/caa1 and below of rating equivalent exposure net of all collateral is 984; the ccc+/caa1 and below of rating equivalent % of exposure netof all collateral is 2; the ccc+/caa1 and below of exposure net of all collateral is 824; the ccc+/caa1 and below of % of exposure netof all collateral is 2;,JPM/2014/page_128.pdf,JPM/2016/page_141.pdf
128,0,did jpmorgan chase outperform the s&p 500 over the five year period?,did jpmorgan chase outperform the kbw bank index over the five year period?,no,no,december 31 (in dollars) the jpmorgan chase of 2009 is $100.00; the jpmorgan chase of 2010 is $102.30; the jpmorgan chase of 2011 is $81.87; the jpmorgan chase of 2012 is $111.49; the jpmorgan chase of 2013 is $152.42; the jpmorgan chase of 2014 is $167.48; december 31 (in dollars) the s&p 500 index of 2009 is 100.00; the s&p 500 index of 2010 is 115.06; the s&p 500 index of 2011 is 117.48; the s&p 500 index of 2012 is 136.27; the s&p 500 index of 2013 is 180.39; the s&p 500 index of 2014 is 205.07;,december 31 (in dollars) the jpmorgan chase of 2009 is $100.00; the jpmorgan chase of 2010 is $102.30; the jpmorgan chase of 2011 is $81.87; the jpmorgan chase of 2012 is $111.49; the jpmorgan chase of 2013 is $152.42; the jpmorgan chase of 2014 is $167.48; december 31 (in dollars) the kbw bank index of 2009 is 100.00; the kbw bank index of 2010 is 123.36; the kbw bank index of 2011 is 94.75; the kbw bank index of 2012 is 125.91; the kbw bank index of 2013 is 173.45; the kbw bank index of 2014 is 189.69;,JPM/2014/page_65.pdf,JPM/2014/page_65.pdf
129,0,what is the difference in effective borrowing rate in 2015 due to the use of swaps?,what is the difference in effective borrowing rate in 2014 due to the use of swaps?,1.9%,1.9%,the weighted average coupon of long-term borrowings at period-end (1) of 2015 is 4.0%; the weighted average coupon of long-term borrowings at period-end (1) of 2014 is 4.2%; the weighted average coupon of long-term borrowings at period-end (1) of 2013 is 4.4%; the effective average borrowing rate for long-term borrowings after swaps at period-end (1) of 2015 is 2.1%; the effective average borrowing rate for long-term borrowings after swaps at period-end (1) of 2014 is 2.3%; the effective average borrowing rate for long-term borrowings after swaps at period-end (1) of 2013 is 2.2%;,the weighted average coupon of long-term borrowings at period-end (1) of 2015 is 4.0%; the weighted average coupon of long-term borrowings at period-end (1) of 2014 is 4.2%; the weighted average coupon of long-term borrowings at period-end (1) of 2013 is 4.4%; the effective average borrowing rate for long-term borrowings after swaps at period-end (1) of 2015 is 2.1%; the effective average borrowing rate for long-term borrowings after swaps at period-end (1) of 2014 is 2.3%; the effective average borrowing rate for long-term borrowings after swaps at period-end (1) of 2013 is 2.2%;,MS/2015/page_200.pdf,MS/2015/page_200.pdf
130,0,"what was the change in weighted-average shares for diluted eps from 2016 to 2017, in millions?","what was the change in weighted-average shares for diluted eps from 2015 to 2016, in millions?",2,2,"(in millions) the weighted-average shares for diluted eps of for the years ended december 31, 2017 is 1553; the weighted-average shares for diluted eps of for the years ended december 31, 2016 is 1551; the weighted-average shares for diluted eps of for the years ended december 31, 2015 is 1549;","(in millions) the weighted-average shares for diluted eps of for the years ended december 31, 2017 is 1553; the weighted-average shares for diluted eps of for the years ended december 31, 2016 is 1551; the weighted-average shares for diluted eps of for the years ended december 31, 2015 is 1549;",PM/2017/page_99.pdf,PM/2017/page_99.pdf
131,0,what was the percent of the net assets acquired allocated to current assets,what percentage of total other current assets is represented by,9.4%,8%,the current assets of in millions is $1733; the net assets acquired of in millions is $18413;,(in millions) the receivables from brokers of 2010 is 11.2; the receivables from brokers of 2009 is 8.8; (in millions) the total of 2010 is $146.1; the total of 2009 is $165.6; (in millions) the forward contract receivable (note 20) of 2010 is 11.8; the forward contract receivable (note 20) of 2009 is 27.3;,V/2009/page_89.pdf,CME/2010/page_91.pdf
132,0,as of december 2006 what was the percent of the total future minimum lease payments for operating and capital leases that was due in 2009,at december 2010 what was the percent of the total future minimum lease payments for all noncancelable leases that was due in 2012,9%,48.95%,millions of dollars the total minimum lease payments of operatingleases is $5457; the total minimum lease payments of capital leases is $1916; millions of dollars the 2009 of operatingleases is 498; the 2009 of capital leases is 168;,the 2011 of operating leases is $9856; the total future minimum lease payments of operating leases is $20133;,UNP/2006/page_62.pdf,GPN/2010/page_92.pdf
133,1,what percentage of major manufacturing sites are in asia pacific?,what percentage of major manufacturing sites are in asia pacific?,26%,26%,the total of north america is 37; the total of europemiddle east& africa is 49; the total of asia pacific is 33; the total of south america is 7; the total of total is 126;,the total of north america is 39; the total of europemiddle east& africa is 48; the total of asia pacific is 33; the total of south america is 6; the total of total is 126;,APTV/2015/page_47.pdf,APTV/2016/page_44.pdf
134,0,what was the change in the free cash flow from 2008 to 2009 in millions,what was the percentage change in free cash flow from 2008 to 2009?,468.5,-38%,the free cash flow of 2009 is $602.0; the free cash flow of 2008 is $133.5; the free cash flow of 2007 is $374.9;,millions of dollars the free cash flow of 2009 is $515; the free cash flow of 2008 is $825; the free cash flow of 2007 is $487;,RSG/2009/page_78.pdf,UNP/2009/page_25.pdf
135,1,in 2015 what were the total mainline operating expenses in millions,what was total mainline operating expenses for 2015?,28824,28824,year the 2015 of gallons is 3611; the 2015 of average price pergallon is $1.72; the 2015 of aircraft fuel expense is $6226; the 2015 of percent of total mainline operating expenses is 21.6%;,year the 2015 of gallons is 3611; the 2015 of average price pergallon is $1.72; the 2015 of aircraft fuel expense is $6226; the 2015 of percent of total mainline operating expenses is 21.6%;,AAL/2015/page_18.pdf,AAL/2015/page_18.pdf
136,1,what portion of total rig count is in north america in 2017?,what portion of the rig counts is related to north america in 2017?,53.3%,53.3%,the international of 2018 is 988; the international of 2017 is 948; the international of 2016 is 956; the worldwide of 2018 is 2211; the worldwide of 2017 is 2030; the worldwide of 2016 is 1598; the north america of 2018 is 1223; the north america of 2017 is 1082; the north america of 2016 is 642;,the north america of 2017 is 1082; the north america of 2016 is 642; the north america of 2015 is 1178; the worldwide of 2017 is 2030; the worldwide of 2016 is 1598; the worldwide of 2015 is 2346;,BKR/2018/page_52.pdf,BKR/2017/page_49.pdf
137,0,"what is the growth rate in net revenue in 2015 for entergy mississippi, inc.?","what is the net change in net revenue during 2015 for entergy mississippi, inc.?",-0.7%,-4.9,the 2014 net revenue of amount (in millions) is $701.2; the 2015 net revenue of amount (in millions) is $696.3;,the 2014 net revenue of amount (in millions) is $701.2; the 2015 net revenue of amount (in millions) is $696.3;,ETR/2016/page_375.pdf,ETR/2016/page_375.pdf
138,0,"as of december 31, 2003, what was the percent of the total cash obligations for aggregate principal payments of long-term debt maturities was due in 2005",what was the percent of the total long-term debt obligations that was due after 2011,3.4%,35.1%,2004 the 2005 of $77622 is 115444; 2004 the total cash obligations of $77622 is 3745073; 2004 the balance as of december 31 2003 of $77622 is $3361225;,(in millions) the long-term debt obligations of payments due by period (1) total is $4134; the long-term debt obligations of payments due by period (1) 2007 is $1340; the long-term debt obligations of payments due by period (1) 2008 is $198; the long-term debt obligations of payments due by period (1) 2009 is $4; the long-term debt obligations of payments due by period (1) 2010 is $534; the long-term debt obligations of payments due by period (1) 2011 is $607; the long-term debt obligations of payments due by period (1) thereafter is $1451;,AMT/2003/page_85.pdf,MSI/2006/page_61.pdf
139,0,what was the percent of the growth in the revenues from 2005 to 2006,what was the change in research and development expenses as a percentage of total revenue from 2005 to 2006?,45.3%,2%,the revenue of year ended january 1 2006 is $73501; the revenue of year ended january 2 2005 is $50583;,the research and development of 2006 is 31%; the research and development of 2005 is 29%; the research and development of 2004 is 31%;,ILMN/2006/page_86.pdf,CDNS/2006/page_42.pdf
140,0,does a .5% (.5%) decrease in expected long-term return on assets have a greater effect on pension expense than a .5% (.5%) increase in compensation rate?,"for pension expense, does a .5% (.5%) decrease in expected long-term return on assets have a greater impact than a .5% (.5%) increase in compensation rate?",yes,yes,change in assumption the .5% (.5%) decrease in expected long-term return on assets of estimatedincrease to 2008pensionexpense (in millions) is $10; change in assumption the .5% (.5%) increase in compensation rate of estimatedincrease to 2008pensionexpense (in millions) is $2;,change in assumption (a) the .5% (.5%) decrease in expected long-term return on assets of estimatedincrease/ (decrease) to 2015pensionexpense (in millions) is $22; change in assumption (a) the .5% (.5%) increase in compensation rate of estimatedincrease/ (decrease) to 2015pensionexpense (in millions) is $2;,PNC/2007/page_50.pdf,PNC/2014/page_84.pdf
141,0,"considering the state of minnesota, what is the percentage of commercial/industrial customers concerning the total customers?","considering the state of arkansas, what is the percentage of residential customers concerning the total customers?",8.36%,89.05%,the minnesota of residential is 738868; the minnesota of commercial/industrial is 67489; the minnesota of total customers is 806357;,the arkansas of residential is 390668; the arkansas of commercial/industrial is 48033; the arkansas of total customers is 438701;,CNP/2010/page_31.pdf,CNP/2010/page_31.pdf
142,0,what is the roi of an investment is state street corporation from 2012 to 2015?,what is the roi of an investment in ball corporation from 2007 to 2012?,48%,107.6%,the state street corporation of 2012 is $100; the state street corporation of 2013 is $159; the state street corporation of 2014 is $172; the state street corporation of 2015 is $148; the state street corporation of 2016 is $178; the state street corporation of 2017 is $227;,the ball corporation of 12/31/2007 is $100.00; the ball corporation of 12/31/2008 is $93.28; the ball corporation of 12/31/2009 is $117.01; the ball corporation of 12/31/2010 is $155.14; the ball corporation of 12/31/2011 is $164.09; the ball corporation of 12/31/2012 is $207.62;,STT/2017/page_63.pdf,BLL/2012/page_31.pdf
143,1,what is the yearly amortization rate related to purchased technology?,what is the average yearly amortization rate related to purchased technology?,16.7%,16.7%,the purchased technology of weighted averageuseful life (years) is 6;,the purchased technology of weighted averageuseful life (years) is 6;,ADBE/2013/page_68.pdf,ADBE/2011/page_83.pdf
144,0,"assuming maximum participant contributions, what was the change in company match percentage between 2014 and 2013?","what was the increase for the maximum company match on january 1, 2011?",1.5%,1%,"for the years ended december 31, 2014 and 2013, the company matched 75% of the first 6% of a participant 2019s contributions. the company 2019s matching contribution for the year ended december 31, 2012 was 50% of the first 6% of a participant 2019s contributions.","effective july 1, 2010, the company match was reinstated at 50% on the first 6% of compensation contributed for most employees eligible for the company-matching contribution feature. on january 1, 2011, the company match was increased to 75% on the first 6% of compensation contributed by these eligible employees.",AMT/2014/page_120.pdf,PPG/2011/page_70.pdf
145,0,what is the percentage change in inventories at lifo net during 2012?,what percent did the inventories at lifo net increase from the beginning of 2011 to the end of 2012?,13.0%,18.9%,the inventories at lifo net of december 292012 is $2308609; the inventories at lifo net of december 312011 is $2043158;,the inventories at fifo net of december 292012 is $2182419; the inventories at fifo net of december 312011 is $1941055; the inventories at lifo net of december 292012 is $2308609; the inventories at lifo net of december 312011 is $2043158; inventory quantities are tracked through a perpetual inventory system.,AAP/2012/page_61.pdf,AAP/2012/page_61.pdf
146,0,what was the percent of the total number of shares purchased in october,what percentage of total number of shares purchased were purchased in october?,87.6%,10%,the october 1 - 31 of total number ofshares (or units) purchased1 is 5854930; the october 1 - 31 of average price paidper share (or unit) 2 is $18.93; the october 1 - 31 of total number ofshares (or units) purchased as part ofpublicly announcedplans or programs3 is 5849517; the october 1 - 31 of maximum number (or approximate dollar value) of shares (or units) that mayyet be purchased under theplans or programs3 is $159819370; the total of total number ofshares (or units) purchased1 is 6685940; the total of average price paidper share (or unit) 2 is $19.02; the total of total number ofshares (or units) purchased as part ofpublicly announcedplans or programs3 is 6676156; the total of maximum number (or approximate dollar value) of shares (or units) that mayyet be purchased under theplans or programs3 is;,period the oct. 1 through oct. 31 of total number ofsharespurchased [a] is 379488; the oct. 1 through oct. 31 of averageprice paidper share is 87.46; the oct. 1 through oct. 31 of total number of sharespurchased as part ofapublicly announced planor program [b] is 371639; the oct. 1 through oct. 31 of maximum number ofshares that may yetbe purchased under the planor program [b] is 31370427; period the total of total number ofsharespurchased [a] is 3915795; the total of averageprice paidper share is $98.19; the total of total number of sharespurchased as part ofapublicly announced planor program [b] is 3885658; the total of maximum number ofshares that may yetbe purchased under the planor program [b] is n/a;,IPG/2014/page_23.pdf,UNP/2011/page_21.pdf
147,0,what was the percentage cumulative return on investment for united parcel service inc. for the five year period ended 12/31/09?,what was the percentage total cumulative return on investment for united parcel service inc. for the five years ended 12/31/2013?,-24.05%,121.91,the united parcel service inc. of 12/31/04 is $100.00; the united parcel service inc. of 12/31/05 is $89.49; the united parcel service inc. of 12/31/06 is $91.06; the united parcel service inc. of 12/31/07 is $87.88; the united parcel service inc. of 12/31/08 is $70.48; the united parcel service inc. of 12/31/09 is $75.95;,the united parcel service inc. of 12/31/2008 is $100.00; the united parcel service inc. of 12/31/2009 is $107.75; the united parcel service inc. of 12/31/2010 is $140.39; the united parcel service inc. of 12/31/2011 is $145.84; the united parcel service inc. of 12/31/2012 is $151.44; the united parcel service inc. of 12/31/2013 is $221.91;,UPS/2009/page_33.pdf,UPS/2013/page_34.pdf
148,1,in 2010 what was the percent of the credit utilization,what is the total credit line utilization rate?,74.33%,74.3%,"the following table shows our main credit facilities by credit line, usage, and expiry date at december 31, 2010. (in millions of u.s. dollars) the total of creditline (1) is $2400; the total of usage is $1784; the total of expiry date is;",(in millions of u.s. dollars) the total of creditline (1) is $2400; the total of usage is $1784; the total of expiry date is;,CB/2010/page_117.pdf,CB/2010/page_117.pdf
149,0,by how much did operating revenue decrease from 2013 to 2014?,what was the percentage growth in operating expenses from 2013 to 2014,-43.5%,-26.9%,the operating revenues of 2014 is $13; the operating revenues of 2013 is $23;,the total operating expenses net of 2014 is 19; the total operating expenses net of 2013 is 26;,AWK/2015/page_109.pdf,AWK/2015/page_109.pdf
150,0,in 2009 what was the ratio of the statutory capital and surplus statutory net income,in 2009 what was the ratio of the statutory capital and surplus to the statutory net income of the bermuda subsidiaries,3.76,10 .,(in millions of u.s. dollars) the statutory capital and surplus of bermuda subsidiaries 2009 is $9299; the statutory capital and surplus of bermuda subsidiaries 2008 is $6205; the statutory capital and surplus of bermuda subsidiaries 2007 is $8579; the statutory capital and surplus of bermuda subsidiaries 2009 is $5801; the statutory capital and surplus of bermuda subsidiaries 2008 is $5368; the statutory capital and surplus of 2007 is $5321; (in millions of u.s. dollars) the statutory net income of bermuda subsidiaries 2009 is $2472; the statutory net income of bermuda subsidiaries 2008 is $2196; the statutory net income of bermuda subsidiaries 2007 is $1535; the statutory net income of bermuda subsidiaries 2009 is $870; the statutory net income of bermuda subsidiaries 2008 is $818; the statutory net income of 2007 is $873;,(in millions of u.s. dollars) the statutory capital and surplus of bermuda subsidiaries 2008 is $7001; the statutory capital and surplus of bermuda subsidiaries 2007 is $8579; the statutory capital and surplus of bermuda subsidiaries 2006 is $7605; the statutory capital and surplus of bermuda subsidiaries 2008 is $5337; the statutory capital and surplus of bermuda subsidiaries 2007 is $5321; the statutory capital and surplus of 2006 is $4431; (in millions of u.s. dollars) the statutory net income of bermuda subsidiaries 2008 is $684; the statutory net income of bermuda subsidiaries 2007 is $1535; the statutory net income of bermuda subsidiaries 2006 is $1527; the statutory net income of bermuda subsidiaries 2008 is $798; the statutory net income of bermuda subsidiaries 2007 is $873; the statutory net income of 2006 is $724;,CB/2009/page_220.pdf,CB/2008/page_229.pdf
151,0,"what was the change in free cash flow from 2010 to 2011, in millions?","what was the change in free cash flow from 2011 to 2012, in millions?",502,-535,millions the free cash flow of 2012 is $1382; the free cash flow of 2011 is $1917; the free cash flow of 2010 is $1415;,millions the free cash flow of 2012 is $1382; the free cash flow of 2011 is $1917; the free cash flow of 2010 is $1415;,UNP/2012/page_23.pdf,UNP/2012/page_23.pdf
152,1,what was the difference in the initial health care trend rate and the ultimate trend rate in 2017?,what is the difference in the initial health care trend rate and the ultimate health care trend rate in 2017?,3.30%,3.30%,the initial health care trend rate of 2018 is n/a; the initial health care trend rate of 2017 is 8.00%; the initial health care trend rate of 2016 is 8.25%; the ultimate trend rate of 2018 is n/a; the ultimate trend rate of 2017 is 4.70%; the ultimate trend rate of 2016 is 4.50%;,the initial health care trend rate of 2017 is 8.00%; the initial health care trend rate of 2016 is 8.25%; the initial health care trend rate of 2015 is 8.00%; the ultimate trend rate of 2017 is 4.70%; the ultimate trend rate of 2016 is 4.50%; the ultimate trend rate of 2015 is 4.50%;,MRO/2018/page_96.pdf,MRO/2017/page_96.pdf
153,1,what is the net income margin in 2013?,what was the net profit margin on december 312013,6.6%,6.6%,the revenue of december 31 2013 (in millions) is $40782; the net income of december 31 2013 (in millions) is 2707;,the net income of december 31 2013 (in millions) is 2707; the revenue of december 31 2013 (in millions) is $40782;,AAL/2015/page_187.pdf,AAL/2015/page_187.pdf
154,0,did apple outperform (earn a greater return) than the s&p information technology index in september 2018?,did apple achieve a greater return in the year ended sept. 30 2009 than the s&p 500?,yes,yes,the apple inc. of september2013 is $100; the apple inc. of september2014 is $149; the apple inc. of september2015 is $173; the apple inc. of september2016 is $174; the apple inc. of september2017 is $242; the apple inc. of september2018 is $359; the s&p information technology index of september2013 is $100; the s&p information technology index of september2014 is $129; the s&p information technology index of september2015 is $132; the s&p information technology index of september2016 is $162; the s&p information technology index of september2017 is $209; the s&p information technology index of september2018 is $275;,the apple inc. of september 30 2006 is $100; the apple inc. of september 30 2007 is $199; the apple inc. of september 30 2008 is $148; the apple inc. of september 30 2009 is $241; the apple inc. of september 30 2010 is $369; the apple inc. of september 30 2011 is $495; the s&p 500 of september 30 2006 is $100; the s&p 500 of september 30 2007 is $116; the s&p 500 of september 30 2008 is $91; the s&p 500 of september 30 2009 is $85; the s&p 500 of september 30 2010 is $93; the s&p 500 of september 30 2011 is $94;,AAPL/2018/page_23.pdf,AAPL/2011/page_24.pdf
155,0,by what percentage did the average crack spread for sweet/sour differential decrease from 2007 to 2009?,was the average yearly crack spread for chicago lls 6-3-2-1 greater than the spread for us gulf coast lls 6-3-2-1 for 2008?,-49.8%,yes,(dollars per barrel) the sweet/sour differential (a) of 2009 is $5.82; the sweet/sour differential (a) of 2008 is $11.99; the sweet/sour differential (a) of 2007 is $11.59;,crack spreads (dollars per barrel) the chicago lls 6-3-2-1 of 1st qtr is $0.07; the chicago lls 6-3-2-1 of 2nd qtr is $2.71; the chicago lls 6-3-2-1 of 3rd qtr is $7.81; the chicago lls 6-3-2-1 of 4th qtr is $2.31; the chicago lls 6-3-2-1 of 2008 is $3.27; crack spreads (dollars per barrel) the us gulf coast lls 6-3-2-1 of 1st qtr is $1.39; the us gulf coast lls 6-3-2-1 of 2nd qtr is $1.99; the us gulf coast lls 6-3-2-1 of 3rd qtr is $6.32; the us gulf coast lls 6-3-2-1 of 4th qtr is ($0.01); the us gulf coast lls 6-3-2-1 of 2008 is $2.45;,MRO/2009/page_58.pdf,MRO/2008/page_70.pdf
156,0,what is the percent change in annual long-term debt maturities (excluding lease obligations) and annual cash sinking fund requirements for debt outstanding from 2005 to 2004?,in 2002 what was the ratio of the annual cash sinking fund requirements for debt outstanding that was due in 2004 to 2005,71.2%,1.7,"2003 the 2004 of $1150786 is $925005; 2003 the 2005 of $1150786 is $540372; the annual long-term debt maturities (excluding lease obligations) and annual cash sinking fund requirements for debt outstanding as of december 31, 2002, for the next five years are as follows (in thousands):",2003 the 2004 of $1150786 is $925005; 2003 the 2005 of $1150786 is $540372;,ETR/2002/page_86.pdf,ETR/2002/page_86.pdf
157,1,"at december 31, 2012 what was the ratio of the face values of outstanding trusts with a maturity in 2037 to 2033",as of december 312011 what was the ratio of the loans with a maturity in 2037 to the loans with a maturity in 2033,1.69,1.69,trusts the etbh capital trust xxv 2014xxx of face value is 110000; the etbh capital trust xxv 2014xxx of maturity date is 2037; the etbh capital trust xxv 2014xxx of annual interest rate is 1.90%-2.00% (1.90%-2.00%) above 3-month libor; trusts the etbh capital trust vii ix 2014xii of face value is 65000; the etbh capital trust vii ix 2014xii of maturity date is 2033; the etbh capital trust vii ix 2014xii of annual interest rate is 3.00%-3.30% (3.00%-3.30%) above 3-month libor;,trusts the etbh capital trust xxv 2014xxx of face value is 110000; the etbh capital trust xxv 2014xxx of maturity date is 2037; the etbh capital trust xxv 2014xxx of annual interest rate is 1.90%-2.00% (1.90%-2.00%) above 3-month libor; trusts the etbh capital trust vii ix 2014xii of face value is 65000; the etbh capital trust vii ix 2014xii of maturity date is 2033; the etbh capital trust vii ix 2014xii of annual interest rate is 3.00%-3.30% (3.00%-3.30%) above 3-month libor;,ETFC/2012/page_155.pdf,ETFC/2011/page_144.pdf
158,0,did jpmorgan chase outperform the kbw bank index?,did jpmorgan chase outperform the kbw bank index 100.00?\\n,yes,yes,december 31 (in dollars) the jpmorgan chase of 2013 is $100.00; the jpmorgan chase of 2014 is $109.88; the jpmorgan chase of 2015 is $119.07; the jpmorgan chase of 2016 is $160.23; the jpmorgan chase of 2017 is $203.07; the jpmorgan chase of 2018 is $189.57; december 31 (in dollars) the kbw bank index of 2013 is 100.00; the kbw bank index of 2014 is 109.36; the kbw bank index of 2015 is 109.90; the kbw bank index of 2016 is 141.23; the kbw bank index of 2017 is 167.49; the kbw bank index of 2018 is 137.82;,december 31 (in dollars) the jpmorgan chase of 2011 is $100.00; the jpmorgan chase of 2012 is $136.18; the jpmorgan chase of 2013 is $186.17; the jpmorgan chase of 2014 is $204.57; the jpmorgan chase of 2015 is $221.68; the jpmorgan chase of 2016 is $298.31; december 31 (in dollars) the kbw bank index of 2011 is 100.00; the kbw bank index of 2012 is 133.03; the kbw bank index of 2013 is 183.26; the kbw bank index of 2014 is 200.42; the kbw bank index of 2015 is 201.40; the kbw bank index of 2016 is 258.82;,JPM/2018/page_73.pdf,JPM/2016/page_73.pdf
159,0,what percentage of gce in 2012 is in non-u.s. dollar-denominated assets?,what percentage of total average securities and certain overnight cash deposits that are included in gce during 2013 were non-u.s. dollar-denominated?,27%,25%,in millions the u.s. dollar-denominated of average for theyear ended december 2012 is $125111; the u.s. dollar-denominated of average for theyear ended december 2011 is $125668; in millions the total of average for theyear ended december 2012 is $172095; the total of average for theyear ended december 2011 is $165959; in millions the non-u.s. dollar-denominated of average for theyear ended december 2012 is 46984; the non-u.s. dollar-denominated of average for theyear ended december 2011 is 40291;,in millions the non-u.s. dollar-denominated of average for theyear ended december 2013 is 45826; the non-u.s. dollar-denominated of average for theyear ended december 2012 is 46984; in millions the total of average for theyear ended december 2013 is $182650; the total of average for theyear ended december 2012 is $172095;,GS/2012/page_83.pdf,GS/2013/page_85.pdf
160,0,by what percentage did the average price of wti crude oil increase from 2010 to 2012?,by what percentage did the average price of wti crude oil increase from 2011 to 2013?,18.3%,3.1%,benchmark the wti crude oil (dollars per bbl) of 2012 is $94.15; the wti crude oil (dollars per bbl) of 2011 is $95.11; the wti crude oil (dollars per bbl) of 2010 is $79.61;,benchmark the wti crude oil (dollars per bbl) of 2013 is $98.05; the wti crude oil (dollars per bbl) of 2012 is $94.15; the wti crude oil (dollars per bbl) of 2011 is $95.11;,MRO/2012/page_39.pdf,MRO/2013/page_39.pdf
161,0,does the company spend more on advertising in 2012 than on research and development?,does the company spend more on advertising in 2013 than on research and development?,no,no,"(millions) the research and development 2013 total of 2013 is $505; the research and development 2013 total of 2012 is $468; the research and development 2013 total of 2011 is $443; advertising costs advertising costs are expensed in the year incurred and totaled $345 million, $288 million and $245 million in 2013, 2012 and 2011, respectively.","(millions) the research and development 2013 total of 2013 is $505; the research and development 2013 total of 2012 is $468; the research and development 2013 total of 2011 is $443; advertising costs advertising costs are expensed in the year incurred and totaled $345 million, $288 million and $245 million in 2013, 2012 and 2011, respectively.",PPG/2013/page_40.pdf,PPG/2013/page_40.pdf
162,0,what was the difference in the initial health care trend rate and the ultimate trend rate in 2016?,what is the difference in the initial health care trend rate and the ultimate health care trend rate in 2017?,3.75%,3.30%,the initial health care trend rate of 2018 is n/a; the initial health care trend rate of 2017 is 8.00%; the initial health care trend rate of 2016 is 8.25%; the ultimate trend rate of 2018 is n/a; the ultimate trend rate of 2017 is 4.70%; the ultimate trend rate of 2016 is 4.50%;,the initial health care trend rate of 2017 is 8.00%; the initial health care trend rate of 2016 is 8.25%; the initial health care trend rate of 2015 is 8.00%; the ultimate trend rate of 2017 is 4.70%; the ultimate trend rate of 2016 is 4.50%; the ultimate trend rate of 2015 is 4.50%;,MRO/2018/page_96.pdf,MRO/2017/page_96.pdf
163,0,"what is the change in estimated future benefit payments, which reflect expected future employee service, as of december 31, 2013, from 2015 to 2016 in millions?","what is the change in millions of qualified defined benefit pension plans from 2017 to 2018 in estimated future benefit payments, which reflect expected future employee service, as of december 31, 2016?",80,80,the qualified defined benefit pension plans of 2014 is $1960; the qualified defined benefit pension plans of 2015 is $2030; the qualified defined benefit pension plans of 2016 is $2110; the qualified defined benefit pension plans of 2017 is $2200; the qualified defined benefit pension plans of 2018 is $2300; the qualified defined benefit pension plans of 2019 - 2023 is $13240;,the qualified defined benefit pension plans of 2017 is $2260; the qualified defined benefit pension plans of 2018 is $2340; the qualified defined benefit pension plans of 2019 is $2420; the qualified defined benefit pension plans of 2020 is $2510; the qualified defined benefit pension plans of 2021 is $2590; the qualified defined benefit pension plans of 2022 2013 2026 is $13920;,LMT/2013/page_87.pdf,LMT/2016/page_105.pdf
164,0,what percentage of the 2017 derivative receivable ratings were ratings equivalent to junk bonds?,"for 2016, what percentage of derivative receivables are rated junk?",20,20,rating equivalent december 31 (in millions except ratios) the bb+/ba1 to b-/b3 of rating equivalent exposure net of all collateral is 6373; the bb+/ba1 to b-/b3 of rating equivalent % of exposure netof all collateral is 16; the bb+/ba1 to b-/b3 of exposure net of all collateral is 7397; the bb+/ba1 to b-/b3 of % of exposure netof all collateral is 18; rating equivalent december 31 (in millions except ratios) the ccc+/caa1 and below of rating equivalent exposure net of all collateral is 723; the ccc+/caa1 and below of rating equivalent % of exposure netof all collateral is 2; the ccc+/caa1 and below of exposure net of all collateral is 645; the ccc+/caa1 and below of % of exposure netof all collateral is 2;,rating equivalent december 31 (in millions except ratios) the bb+/ba1 to b-/b3 of rating equivalent exposure net of all collateral is 7397; the bb+/ba1 to b-/b3 of rating equivalent % of exposure netof all collateral is 18; the bb+/ba1 to b-/b3 of exposure net of all collateral is 7308; the bb+/ba1 to b-/b3 of % of exposure netof all collateral is 18; rating equivalent december 31 (in millions except ratios) the ccc+/caa1 and below of rating equivalent exposure net of all collateral is 645; the ccc+/caa1 and below of rating equivalent % of exposure netof all collateral is 2; the ccc+/caa1 and below of exposure net of all collateral is 984; the ccc+/caa1 and below of % of exposure netof all collateral is 2;,JPM/2018/page_150.pdf,JPM/2017/page_145.pdf
165,0,what was the percentage change in the research and development costs from 2015 to 2016,what is the percentage change in research and development expense from 2016 to 2017?,-34.4%,-7.7%,"research and development expense was $72 million, $78 million and $119 million for the years ended december 31, 2017, 2016 and 2015, respectively.","research and development expense was $72 million, $78 million and $119 million for the years ended december 31, 2017, 2016 and 2015, respectively.",CE/2017/page_20.pdf,CE/2017/page_20.pdf
166,0,what percentage of total contractual obligations is long-term debt?,what percent of contractual obligations is long term debt?,18%,71.06%,contractual obligations the long-term debt of total is $104.3; the long-term debt of 2008 is $2013; the long-term debt of 2009 and 2010 is $2013; the long-term debt of 2011 and 2012 is $104.3; the long-term debt of 2013 and thereafter is $2013; contractual obligations the total contractual obligations of total is $591.6; the total contractual obligations of 2008 is $58.6; the total contractual obligations of 2009 and 2010 is $156.4; the total contractual obligations of 2011 and 2012 is $203.9; the total contractual obligations of 2013 and thereafter is $172.7;,contractual obligations the long-term debt of total is $1103.0; the long-term debt of less than 1 year is $100.0; the long-term debt of 1 - 3 years is $655.3; the long-term debt of 4 - 5 years is $347.7; the long-term debt of after 5 years is $2013; contractual obligations the total contractual obligations of total is $1552.2; the total contractual obligations of less than 1 year is $137.6; the total contractual obligations of 1 - 3 years is $831.2; the total contractual obligations of 4 - 5 years is $400.0; the total contractual obligations of after 5 years is $183.4;,ZBH/2007/page_54.pdf,ZBH/2003/page_42.pdf
167,0,"considering the years 2014-2016, what is the average value for additions for tax positions of the current year?","considering the years 2014-2015, what was the increase in the additions for tax positions of prior years, in dollars?",10,10,unrecognized tax benefits the additions for tax positions of the current year of 2016 is 15.0; the additions for tax positions of the current year of 2015 is 6.9; the additions for tax positions of the current year of 2014 is 8.1;,"december 31, the additions for tax positions of prior years of 2016 is -; the additions for tax positions of prior years of 2015 is 14; the additions for tax positions of prior years of 2014 is 4;",APD/2016/page_117.pdf,HWM/2016/page_119.pdf
168,0,what was the percentage change in total operating expenses between 2016 and 2018?,what is the percentage increase in total expense from 2017 to 2018?,-55%,940%,in millions of dollars the total operating expenses of 2018 is $2272; the total operating expenses of 2017 is $3814; the total operating expenses of 2016 is $5042; the total operating expenses of % change2018 vs. 2017 is (40) %; the total operating expenses of % change2017 vs. 2016 is (24) %;,the total expense of 2018 is $156; the total expense of 2017 is $15; income taxes.,C/2018/page_53.pdf,DVN/2018/page_35.pdf
169,0,what percentage of annual future minimum payments under operating leases are due in 2008?,what percentage of total future minimum operating lease payments for leases with remaining terms greater than one year are due in 2009?,14%,25%,2007 the 2008 of 5320 is 5335; 2007 the total of 5320 is $37899;,2008 the 2009 of 83382 is 63060; 2008 the total of 83382 is $249038;,ILMN/2006/page_92.pdf,FIS/2007/page_94.pdf
170,0,what was the consumer packaging profit margin in 2013,what was the gross proceeds from the sale of the packaging business (in millions) if the preliminary closing adjustments are not finalized?,4.7%,298.5,in millions the sales of 2015 is $2940; the sales of 2014 is $3403; the sales of 2013 is $3435; in millions the operating profit (loss) of 2015 is -25; the operating profit (loss) of 2014 is 178; the operating profit (loss) of 2013 is 161;,"this amount included $15 million of contingent consideration recognized at closing but did not include preliminary closing adjustments totaling $18.5 million paid in the fourth quarter. discontinued operations 2013 plastic packaging, americas in august 2010, we completed the sale of our plastics packaging business and received gross proceeds of $280 million.",IP/2015/page_46.pdf,BLL/2010/page_35.pdf
171,0,what is the growth rate in operating revenue from 2000 to 2001?,what is the growth rate in operating revenue from 2001 to 2002?,25.5%,-3.3%,(millions except pershare amounts) the operating revenue of 2002 is $5940; the operating revenue of 2001 is $6144; the operating revenue of 2000 is $4894;,(millions except pershare amounts) the operating revenue of 2002 is $5940; the operating revenue of 2001 is $6144; the operating revenue of 2000 is $4894;,D/2002/page_39.pdf,D/2002/page_39.pdf
172,0,what is the growth rate in rent expense and certain office equipment expense in 2013 compare to 2012?,what is the growth rate in rent expense and certain office equipment expense in 2012 compare to 2011?,3.0%,-13.6%,"rent expense and certain office equipment expense under agreements amounted to $137 million, $133 million and $154 million in 2013, 2012 and 2011, respectively.","rent expense and certain office equipment expense under agreements amounted to $137 million, $133 million and $154 million in 2013, 2012 and 2011, respectively.",BLK/2013/page_125.pdf,BLK/2013/page_125.pdf
173,0,what was the ratio of the square footage in alpharetta georgia to jersey city new jersey as december 2014,what is the ratio of the square footage in alpharetta georgia to jersey city new jersey as of december 2018,2.39,1.79,location the alpharetta georgia of approximate square footage is 260000; location the jersey city new jersey of approximate square footage is 109000;,location the alpharetta georgia of approximate square footage is 236000; location the jersey city new jersey of approximate square footage is 132000;,ETFC/2014/page_22.pdf,ETFC/2018/page_32.pdf
174,1,by what percent did the balance of deferred tax assets increase between 2016 and 2018?,how much has the balance increased in a percentage from 2016 to 2018?,29.46%,29.5%,these valuation allowances have been recorded due to uncertainty regarding our ability to generate sufficient taxable income in the appropriate taxing jurisdiction. the balance at end of fiscal year of 2018 is $229.4; the balance at end of fiscal year of 2017 is $219.1; the balance at end of fiscal year of 2016 is $177.2;,"the balance at end of fiscal year of 2018 is $229.4; the balance at end of fiscal year of 2017 is $219.1; the balance at end of fiscal year of 2016 is $177.2; the following table represents a summary of the valuation allowances against deferred tax assets for fiscal 2018, 2017 and 2016 (in millions):",WRK/2018/page_106.pdf,WRK/2018/page_106.pdf
175,0,what is the roi of an investment in state street corporation from 2007 to 2009?,what is the roi of an investment in state street corporation from 20011 to 2012?,-45.0%,-11.4%,the state street corporation of 2007 is $100; the state street corporation of 2008 is $49; the state street corporation of 2009 is $55; the state street corporation of 2010 is $58; the state street corporation of 2011 is $52; the state street corporation of 2012 is $61;,the state street corporation of 2009 is $100; the state street corporation of 2010 is $107; the state street corporation of 2011 is $114; the state street corporation of 2012 is $101; the state street corporation of 2013 is $120; the state street corporation of 2014 is $190;,STT/2012/page_42.pdf,STT/2014/page_54.pdf
176,0,what is the growth rate in net revenue from 2010 to 2011?,what is the percentage change in net revenue from 2010 to 2011?,-15.1%,-2.9%,the 2010 net revenue of amount (in millions) is $1043.7; the 2011 net revenue of amount (in millions) is $886.2;,the 2010 net revenue of amount (in millions) is $5051; the 2011 net revenue of amount (in millions) is $4904;,ETR/2011/page_316.pdf,ETR/2011/page_17.pdf
177,1,what is the percentage of the amortized cost of contracts due in one year or less among the total?,what portion of the the total fixed maturities is due in one year or less?,33.33%,33.3%,(millions) the due in one year or less of amortizedcost is $50; the due in one year or less of fairvalue is $50; (millions) the total fixed maturities of amortizedcost is $150; the total fixed maturities of fairvalue is $150;,(millions) the due in one year or less of amortizedcost is $50; the due in one year or less of fairvalue is $50; (millions) the total fixed maturities of amortizedcost is $150; the total fixed maturities of fairvalue is $150;,AON/2007/page_180.pdf,AON/2007/page_180.pdf
178,0,what were average operating profit for space systems from 2011 to 2013 in millions?,what is the growth rate in operating profit for space systems in 2012?,1064,1.9%,the operating profit of 2013 is 1045; the operating profit of 2012 is 1083; the operating profit of 2011 is 1063;,the operating profit of 2012 is 1083; the operating profit of 2011 is 1063; the operating profit of 2010 is 1030;,LMT/2013/page_49.pdf,LMT/2012/page_47.pdf
179,0,what is the percent change in effective tax rate from from 2015 to 2016?,"considering the years 2012-2013 and the gaap basis, what was the percentual increase in the effective tax rate?",1.7%,0.9%,(in millions) the effective tax rate of gaap 2016 is 28.9%; the effective tax rate of gaap 2015 is 27.2%; the effective tax rate of gaap 2014 is 25.6%; the effective tax rate of gaap 2016 is 29.6%; the effective tax rate of gaap 2015 is 28.4%; the effective tax rate of 2014 is 26.6%; income tax expense.,"2012 on a gaap basis, the effective tax rate was 22.8% and 21.9% in 2013 and 2012, respectively.",BLK/2016/page_75.pdf,APD/2014/page_36.pdf
180,0,"what is the total value of granted shares of everest re during 2015, in millions?","as of december 31, 2017 what was the value of the granted share awards",1.9,9294571.92,performance share unit awards the granted of year ended december 31 2015 shares is 10705; the granted of year ended december 31 2015 weighted- average grant date fair value is 178.84;,the granted of number of performance share awards is 160196; the granted of weighted-averagegrant-datefair value is 58.02;,RE/2015/page_148.pdf,FBHS/2017/page_83.pdf
181,0,what is the percentage of powertrain systems sites among all sites?,"considering the asia pacific, what is the percentage of the signal and power solutions segment among all segments?",16.67%,91.67%,the powertrain systems of north america is 4; the powertrain systems of europemiddle east& africa is 10; the powertrain systems of asia pacific is 5; the powertrain systems of south america is 2; the powertrain systems of total is 21; the total of north america is 37; the total of europemiddle east& africa is 49; the total of asia pacific is 33; the total of south america is 7; the total of total is 126;,the signal and power solutions of north america is 45; the signal and power solutions of europemiddle east& africa is 33; the signal and power solutions of asia pacific is 33; the signal and power solutions of south america is 5; the signal and power solutions of total is 116; the total of north america is 47; the total of europemiddle east& africa is 38; the total of asia pacific is 36; the total of south america is 5; the total of total is 126;,APTV/2015/page_47.pdf,APTV/2018/page_34.pdf
182,0,what is the percentage change in the unamortized debt issuance costs associated with the senior notes from 2016 to 2017?,what is the percentage change in the unamortized debt issuance costs associated with its credit facilities from 2016 to 2017?,-21.1%,37.5%,"($ in millions) the senior notes due november 15 2025 5.000% of december 31 2017 is 600; the senior notes due november 15 2025 5.000% of december 31 2016 is 600; the company had unamortized debt issuance costs associated with the senior notes of $15 million and $19 million as of december 31, 2017 and 2016, respectively.","the company had unamortized debt issuance costs associated with its credit facilities of $11 million and $8 million as of december 31, 2017 and 2016, respectively.",HII/2017/page_104.pdf,HII/2017/page_104.pdf
183,1,what was the percentage change in the changes in the warranty reserve in 2009,based on the review of the changes in the warranty reserve what was the percentage change in the year end balance in 2009,11.9%,11.9%,balance as of january 1 2009 the balance as of december 31 2009 of $540 is 604;,balance as of january 1 2008 the balance as of december 31 2009 of $580 is $604; balance as of january 1 2008 the balance as of december 31 2008 of $580 is 540;,LKQ/2010/page_72.pdf,LKQ/2009/page_66.pdf
184,1,what is the expense which relates to the acceleration of equity awards upon termination of employment of baker hughes employees as a percentage of stock based compensation expense?,what portion of the compensation expense in 2017 is relates to the acceleration of equity awards upon termination of employment at baker hughes?,40.5%,40.5%,"stock based compensation expense was $37 million in 2017. included in this amount is $15 million of expense which relates to the acceleration of equity awards upon termination of employment of baker hughes employees with change in control agreements, and are included as part of ""merger and related costs"" in the consolidated and combined statements of income (loss).","stock based compensation expense was $37 million in 2017. included in this amount is $15 million of expense which relates to the acceleration of equity awards upon termination of employment of baker hughes employees with change in control agreements, and are included as part of ""merger and related costs"" in the consolidated and combined statements of income (loss).",BKR/2017/page_103.pdf,BKR/2017/page_103.pdf
185,1,what is the effective income tax rate in 2010 based on the information about the gains on sales of discontinued operations?,"for the years of 2011 and 2010, what percentage of the gain on sale went towards income tax?",35%,35% 1316\\n,the provision for income taxes of 2012 is 2014; the provision for income taxes of 2011 is 3500; the provision for income taxes of 2010 is 457; the gain on sale of discontinued operations net of tax of 2012 is $2014; the gain on sale of discontinued operations net of tax of 2011 is $6500; the gain on sale of discontinued operations net of tax of 2010 is $859; the gain on sale of discontinued operations before income taxes of 2012 is $2014; the gain on sale of discontinued operations before income taxes of 2011 is $10000; the gain on sale of discontinued operations before income taxes of 2010 is $1316;,the gain on sale of discontinued operations before income taxes of 2012 is $2014; the gain on sale of discontinued operations before income taxes of 2011 is $10000; the gain on sale of discontinued operations before income taxes of 2010 is $1316; the provision for income taxes of 2012 is 2014; the provision for income taxes of 2011 is 3500; the provision for income taxes of 2010 is 457; the gain on sale of discontinued operations net of tax of 2012 is $2014; the gain on sale of discontinued operations net of tax of 2011 is $6500; the gain on sale of discontinued operations net of tax of 2010 is $859; the following amounts related to the cpu voltage regulation and pc thermal monitoring and baseband chipset businesses have been segregated from continuing operations and reported as discontinued operations.,ADI/2012/page_65.pdf,ADI/2012/page_65.pdf
186,0,what is the net change in entergy new orleans 2019s receivables from the money pool from 2015 to 2016?,what is the percentage change in the number of electric consumers from 2006 to 2007 for entergy new orleans?,-1579,38.9%,2016 the $14215 of 2015 is $15794; the $14215 of 2014 is $442; the $14215 of 2013 is $4737;,"entergy new orleans estimates that approximately 132000 electric customers and 86000 gas customers have returned and are taking service as of december 31, 2007, compared to approximately 95000 electric customers and 65000 gas customers as of december 31, 2006.",ETR/2016/page_403.pdf,ETR/2008/page_356.pdf
187,0,what percent of the total contractual cash obligations are from long term debt?,what percent of total contractual cash obligations is due to long-term debt?,83%,68%,as of december 31 2009 (in millions) the long-term debt (1) of payments due by period total is $10981; the long-term debt (1) of payments due by period less than 1 year is $529; the long-term debt (1) of payments due by period 1-3 years is $4561; the long-term debt (1) of payments due by period 4-5 years is $797; the long-term debt (1) of payments due by period over 5 years is $5094; as of december 31 2009 (in millions) the total contractual cash obligations of payments due by period total is $13165; the total contractual cash obligations of payments due by period less than 1 year is $832; the total contractual cash obligations of payments due by period 1-3 years is $5050; the total contractual cash obligations of payments due by period 4-5 years is $1182; the total contractual cash obligations of payments due by period over 5 years is $6101;,contractual obligations the long-term debt of payments due by period total is $267.1; the long-term debt of payments due by period less than 1 year is $2014; the long-term debt of payments due by period 1-3 years is $2014; the long-term debt of payments due by period 4-5 years is $2014; the long-term debt of payments due by period after 5 years is $267.1; contractual obligations the total contractual cash obligations of payments due by period total is $394.8; the total contractual cash obligations of payments due by period less than 1 year is $36.1; the total contractual cash obligations of payments due by period 1-3 years is $47.0; the total contractual cash obligations of payments due by period 4-5 years is $23.5; the total contractual cash obligations of payments due by period after 5 years is $288.2;,STT/2009/page_83.pdf,EW/2004/page_51.pdf
188,0,as of december 292018 what was the percent of the operating lease obligations due 1 20133 years to the total operating lease obligations,what percentage of total obligations are operating lease obligations?,37.6%,89%,(in millions) the operating lease obligations of payments due by period total is $835; the operating lease obligations of payments due by period less than1 year is $229; the operating lease obligations of payments due by period 1 20133 years is $314; the operating lease obligations of payments due by period 3 20135 years is $171; the operating lease obligations of payments due by period more than5 years is $121;,contractual obligations the operating lease obligations of payments due by fiscal year total is $4819; the operating lease obligations of payments due by fiscal year 2007 is $1703; the operating lease obligations of payments due by fiscal year 2008 is $1371; the operating lease obligations of payments due by fiscal year 2009 is $1035; the operating lease obligations of payments due by fiscal year 2010 is $710; contractual obligations the total obligations of payments due by fiscal year total is $5419; the total obligations of payments due by fiscal year 2007 is $1903; the total obligations of payments due by fiscal year 2008 is $1571; the total obligations of payments due by fiscal year 2009 is $1235; the total obligations of payments due by fiscal year 2010 is $710;,INTC/2018/page_50.pdf,ABMD/2006/page_43.pdf
189,1,in 2013 what percentage of consumer packaging sales is attributable to north american consumer packaging net sales?,what percentage where north american consumer packaging net sales of consumer packaging sales in 2013?,58%,58%,in millions the sales of 2013 is $3435; the sales of 2012 is $3170; the sales of 2011 is $3710; north american consumer packaging net sales were $2.0 billion in 2013 compared with $2.0 billion in 2012 and $2.5 billion in 2011.,in millions the sales of 2014 is $3403; the sales of 2013 is $3435; the sales of 2012 is $3170; north american consumer packaging net sales were $2.0 billion in 2014 compared with $2.0 billion in 2013 and $2.0 billion in 2012.,IP/2013/page_64.pdf,IP/2014/page_66.pdf
190,0,what was the difference in percentage cumulative 5-year total stockholder return on cadence design systems inc. common stock and the s&p 400 information technology for the period ended 12/31/2016?,what was the difference in percentage cumulative 5-year total stockholder return for cadence design systems inc. compared to the nasdaq composite for the five years ended 12/29/2012?,22.85%,-31.86,the cadence design systems inc. of 12/31/2011 is 100.00; the cadence design systems inc. of 12/29/2012 is 129.23; the cadence design systems inc. of 12/28/2013 is 133.94; the cadence design systems inc. of 1/3/2015 is 181.06; the cadence design systems inc. of 1/2/2016 is 200.10; the cadence design systems inc. of 12/31/2016 is 242.50; the s&p 400 information technology of 12/31/2011 is 100.00; the s&p 400 information technology of 12/29/2012 is 118.41; the s&p 400 information technology of 12/28/2013 is 165.38; the s&p 400 information technology of 1/3/2015 is 170.50; the s&p 400 information technology of 1/2/2016 is 178.74; the s&p 400 information technology of 12/31/2016 is 219.65;,the cadence design systems inc. of 12/29/2007 is 100.00; the cadence design systems inc. of 1/3/2009 is 22.55; the cadence design systems inc. of 1/2/2010 is 35.17; the cadence design systems inc. of 1/1/2011 is 48.50; the cadence design systems inc. of 12/31/2011 is 61.07; the cadence design systems inc. of 12/29/2012 is 78.92; the nasdaq composite of 12/29/2007 is 100.00; the nasdaq composite of 1/3/2009 is 59.03; the nasdaq composite of 1/2/2010 is 82.25; the nasdaq composite of 1/1/2011 is 97.32; the nasdaq composite of 12/31/2011 is 98.63; the nasdaq composite of 12/29/2012 is 110.78;,CDNS/2016/page_32.pdf,CDNS/2012/page_30.pdf
191,1,"what would be the total purchase price of impella cardiosystems assuming all contingent consideration is earned, in millions?","what is the total possible purchase price for impella including potential contingent payments, in millions?",56.3,56.3,"we may make additional contingent payments to impella 2019s former shareholders based on additional milestone payments related to fda approvals in the amount of up to $11.2 million. the aggregate purchase price excluding a contingent payment in the amount of $5.6 million made on january 30, 2007 in the form of common stock, was approximately $45.1 million, which consisted of $42.2 million of our common stock, $1.6 million of cash paid to certain former shareholders of impella and $1.3 million of transaction costs, consisting primarily of fees paid for financial advisory and legal services.","the aggregate purchase price excluding a contingent payment in the amount of $5.6 million made on january 30, 2007 in the form of common stock, was approximately $45.1 million, which consisted of $42.2 million of our common stock, $1.6 million of cash paid to certain former shareholders of impella, and $1.3 million of transaction costs, consisting primarily of fees paid for financial advisory and legal services. we may make additional contingent payments to impella 2019s former shareholders based on additional milestone payments related to fda approvals in the amount of up to $11.2 million.",ABMD/2008/page_52.pdf,ABMD/2007/page_52.pdf
192,0,did the k series 5 year total return outperform the s&p 500?,did the b series stock outperform the a series based on 5 year total return?,no,no,the disck of december 312013 is $100.00; the disck of december 312014 is $80.42; the disck of december 312015 is $60.15; the disck of december 312016 is $63.87; the disck of december 312017 is $50.49; the disck of december 312018 is $55.04; the s&p 500 of december 312013 is $100.00; the s&p 500 of december 312014 is $111.39; the s&p 500 of december 312015 is $110.58; the s&p 500 of december 312016 is $121.13; the s&p 500 of december 312017 is $144.65; the s&p 500 of december 312018 is $135.63;,the disca of december 31 2008 is $102.53; the disca of december 31 2009 is $222.09; the disca of december 31 2010 is $301.96; the disca of december 31 2011 is $296.67; the discb of december 31 2008 is $78.53; the discb of december 31 2009 is $162.82; the discb of december 31 2010 is $225.95; the discb of december 31 2011 is $217.56;,DISCA/2018/page_39.pdf,DISCA/2011/page_49.pdf
193,1,what is the value of the shares purchased between october 1-31 2009,what is the total amount spent for the purchased shares during october 2009?,613009.2,613009.2,period the october 1-31 2009 of total number of shares purchased (1) is 24980; the october 1-31 2009 of average price paid per share is $24.54; the october 1-31 2009 of total number of shares purchased as part of publicly announced program is -; the october 1-31 2009 of approximate dollar value of shares remaining that may be purchased under the program is $122300000.00;,period the october 1-31 2009 of total number of shares purchased (1) is 24980; the october 1-31 2009 of average price paid per share is $24.54; the october 1-31 2009 of total number of shares purchased as part of publicly announced program is -; the october 1-31 2009 of approximate dollar value of shares remaining that may be purchased under the program is $122300000.00;,CE/2009/page_35.pdf,CE/2009/page_35.pdf
194,1,what was the total long-term debt for citigroup subsidiaries long-term debt at december 312008,"what is the total long-term debt in billions of dollars for citigroup, cgmhi, cfi and citigroup 2019s subsidiaries at december 31, 2008?",359.6,359.6,in billions of dollars the long-term debt of citigroup parent company is $192.3; the long-term debt of cgmhi (2) is $20.6; the long-term debt of citigroup funding inc. (2) is $37.4; the long-term debt of other citigroup subsidiaries is $109.3; the long-term debt of is -1;,in billions of dollars the long-term debt of citigroup parent company is $192.3; the long-term debt of cgmhi (2) is $20.6; the long-term debt of citigroup funding inc. (2) is $37.4; the long-term debt of other citigroup subsidiaries is $109.3; the long-term debt of is -1;,C/2008/page_105.pdf,C/2008/page_105.pdf
195,1,what was the percentage change in net sales from 2017 to 2018,what is the growth rate in net sales for walmart u.s. segment from 2017 to 2018?,3.5%,3.5%,"(amounts in millions except unit counts) the net sales of fiscal years ended january 31, 2018 is $318477; the net sales of fiscal years ended january 31, 2017 is $307833; the net sales of fiscal years ended january 31, 2016 is $298378;","(amounts in millions except unit counts) the net sales of fiscal years ended january 31, 2018 is $318477; the net sales of fiscal years ended january 31, 2017 is $307833; the net sales of fiscal years ended january 31, 2016 is $298378;",WMT/2018/page_46.pdf,WMT/2018/page_46.pdf
196,0,did the five year return of the s&p 500 retail index outperform the s&p 500?,how much greater was the five year return for the s&p 500 retail index compared to the s&p 500?,yes,89,"company/index the s&p 500 retail index of december 31, 2010 is 100; the s&p 500 retail index of december 31, 2011 is 103; the s&p 500 retail index of december 31, 2012 is 128; the s&p 500 retail index of december 31, 2013 is 185; the s&p 500 retail index of december 31, 2014 is 203; the s&p 500 retail index of december 31, 2015 is 252; company/index the s&p 500 of december 31, 2010 is $100; the s&p 500 of december 31, 2011 is $100; the s&p 500 of december 31, 2012 is $113; the s&p 500 of december 31, 2013 is $147; the s&p 500 of december 31, 2014 is $164; the s&p 500 of december 31, 2015 is $163;","company/index the s&p 500 retail index of december 31, 2010 is 100; the s&p 500 retail index of december 31, 2011 is 103; the s&p 500 retail index of december 31, 2012 is 128; the s&p 500 retail index of december 31, 2013 is 185; the s&p 500 retail index of december 31, 2014 is 203; the s&p 500 retail index of december 31, 2015 is 252; company/index the s&p 500 of december 31, 2010 is $100; the s&p 500 of december 31, 2011 is $100; the s&p 500 of december 31, 2012 is $113; the s&p 500 of december 31, 2013 is $147; the s&p 500 of december 31, 2014 is $164; the s&p 500 of december 31, 2015 is $163;",ORLY/2015/page_28.pdf,ORLY/2015/page_28.pdf
197,0,"as of december 31, 2015 what was the ratio of receivables from brokers dealers and clearing organizations to payables to brokers dealers and clearing organizations?",in 2005 what was the ratio of the breast implant receivables to the breast implant liabilities,.95,18.6,"in millions of dollars the receivables from brokers dealers and clearing organizations of december 31, 2016 is 18513; the receivables from brokers dealers and clearing organizations of december 31, 2015 is 17248; in millions of dollars the payables to brokers dealers and clearing organizations of december 31, 2016 is 19915; the payables to brokers dealers and clearing organizations of december 31, 2015 is 18069;",(millions) the breast implant liabilities of 2005 is $7; the breast implant liabilities of 2004 is $11; the breast implant liabilities of 2003 is $13; (millions) the breast implant receivables of 2005 is 130; the breast implant receivables of 2004 is 278; the breast implant receivables of 2003 is 338;,C/2016/page_207.pdf,MMM/2005/page_95.pdf
198,0,what was the ratio of the company 2019s contribution expense related to all of its defined contribution plans for 2008 to 2007,what was the ratio of the company 2019s contribution expense related to all of its defined contribution plans for 2009 to 2008,1.31,1.15,"the company 2019s contribution expense related to all of its defined contribution plans was $35341, $26996 and $43594 for 2008, 2007 and 2006, respectively.","the company 2019s contribution expense related to all of its defined contribution plans was $40627, $35341 and $26996 for 2009, 2008 and 2007, respectively.",MA/2008/page_113.pdf,MA/2009/page_112.pdf
199,1,how is the net cash flow from operations affected by the change in liability of interest and penalties in 2010?,by what amount does the interest and penalties expense exceed the payment for interest and penalties in 2010?,1.8,1.8,"in addition, as of october 30, 2010 and october 31, 2009, the company had a liability of approximately $9.8 million and $8.0 million, respectively, for interest and penalties.","in addition, as of october 30, 2010 and october 31, 2009, the company had a liability of approximately $9.8 million and $8.0 million, respectively, for interest and penalties.",ADI/2010/page_90.pdf,ADI/2010/page_90.pdf
200,0,"what was the greatest beginning allowance balance, in millions?","what was the highest ending allowance balance, in millions?",49,49,the beginning allowance balance of september 30 2006 is $46; the beginning allowance balance of september 24 2005 is $47; the beginning allowance balance of september 25 2004 is $49;,the ending allowance balance of september 24 2005 is $46; the ending allowance balance of september 25 2004 is $47; the ending allowance balance of september 27 2003 is $49;,AAPL/2006/page_93.pdf,AAPL/2005/page_75.pdf
